company,date,% of capital
"ALTRI, S.G.P.S., S.A.",2023-04-21,2.37
"ALTRI, S.G.P.S., S.A.",2023-04-20,2.4
"ALTRI, S.G.P.S., S.A.",2023-04-13,2.5
"ALTRI, S.G.P.S., S.A.",2023-04-12,2.48
"ALTRI, S.G.P.S., S.A.",2023-04-06,2.51
"ALTRI, S.G.P.S., S.A.",2023-04-03,2.66
"ALTRI, S.G.P.S., S.A.",2023-03-31,2.58
"ALTRI, S.G.P.S., S.A.",2023-03-27,2.45
"ALTRI, S.G.P.S., S.A.",2023-03-21,2.46
"ALTRI, S.G.P.S., S.A.",2023-03-17,2.38
"ALTRI, S.G.P.S., S.A.",2023-03-15,2.09
"ALTRI, S.G.P.S., S.A.",2023-02-28,2.31
"ALTRI, S.G.P.S., S.A.",2023-02-22,2.46
"ALTRI, S.G.P.S., S.A.",2023-02-20,2.45
"ALTRI, S.G.P.S., S.A.",2023-02-15,2.47
"ALTRI, S.G.P.S., S.A.",2023-02-14,2.44
"ALTRI, S.G.P.S., S.A.",2023-02-10,2.47
"ALTRI, S.G.P.S., S.A.",2023-02-07,2.45
"ALTRI, S.G.P.S., S.A.",2023-02-06,2.53
"ALTRI, S.G.P.S., S.A.",2023-02-02,2.58
"ALTRI, S.G.P.S., S.A.",2023-01-27,2.64
"ALTRI, S.G.P.S., S.A.",2023-01-26,3.11
"ALTRI, S.G.P.S., S.A.",2023-01-25,3.13
"ALTRI, S.G.P.S., S.A.",2023-01-24,2.63
"ALTRI, S.G.P.S., S.A.",2023-01-20,2.52
"ALTRI, S.G.P.S., S.A.",2023-01-19,3.01
"ALTRI, S.G.P.S., S.A.",2023-01-18,2.96
"ALTRI, S.G.P.S., S.A.",2023-01-12,2.94
"ALTRI, S.G.P.S., S.A.",2023-01-06,2.98
"ALTRI, S.G.P.S., S.A.",2023-01-04,2.91
"ALTRI, S.G.P.S., S.A.",2022-12-30,2.38
"ALTRI, S.G.P.S., S.A.",2022-12-23,2.87
"ALTRI, S.G.P.S., S.A.",2022-12-21,2.96
"ALTRI, S.G.P.S., S.A.",2022-12-13,2.4
"ALTRI, S.G.P.S., S.A.",2022-12-09,2.31
"ALTRI, S.G.P.S., S.A.",2022-12-07,2.22
"ALTRI, S.G.P.S., S.A.",2022-12-02,1.82
"ALTRI, S.G.P.S., S.A.",2022-11-25,1.69
"ALTRI, S.G.P.S., S.A.",2022-11-24,1.57
"ALTRI, S.G.P.S., S.A.",2022-11-23,1.51
"ALTRI, S.G.P.S., S.A.",2022-11-22,1.44
"ALTRI, S.G.P.S., S.A.",2022-11-21,1.32
"ALTRI, S.G.P.S., S.A.",2022-11-18,1.1
"ALTRI, S.G.P.S., S.A.",2022-11-17,1.02
"ALTRI, S.G.P.S., S.A.",2022-11-15,1.08
"ALTRI, S.G.P.S., S.A.",2022-11-09,1.18
"ALTRI, S.G.P.S., S.A.",2022-11-03,1.2
"ALTRI, S.G.P.S., S.A.",2022-11-02,1.18
"ALTRI, S.G.P.S., S.A.",2022-11-01,1.27
"ALTRI, S.G.P.S., S.A.",2022-10-26,1.3
"ALTRI, S.G.P.S., S.A.",2022-10-19,1.19
"ALTRI, S.G.P.S., S.A.",2022-10-18,1.15
"ALTRI, S.G.P.S., S.A.",2022-10-17,1.17
"ALTRI, S.G.P.S., S.A.",2022-10-03,1.27
"ALTRI, S.G.P.S., S.A.",2022-09-30,1.26
"ALTRI, S.G.P.S., S.A.",2022-09-27,1.36
"ALTRI, S.G.P.S., S.A.",2022-09-26,1.39
"ALTRI, S.G.P.S., S.A.",2022-09-21,1.38
"ALTRI, S.G.P.S., S.A.",2022-09-19,1.39
"ALTRI, S.G.P.S., S.A.",2022-09-16,1.3
"ALTRI, S.G.P.S., S.A.",2022-09-15,1.31
"ALTRI, S.G.P.S., S.A.",2022-08-25,1.29
"ALTRI, S.G.P.S., S.A.",2022-08-22,1.2
"ALTRI, S.G.P.S., S.A.",2022-08-16,0.68
"ALTRI, S.G.P.S., S.A.",2022-08-05,0.77
"ALTRI, S.G.P.S., S.A.",2022-08-01,0.83
"ALTRI, S.G.P.S., S.A.",2022-07-29,0.51
"ALTRI, S.G.P.S., S.A.",2020-04-01,0.45
"ALTRI, S.G.P.S., S.A.",2020-03-25,0.52
"ALTRI, S.G.P.S., S.A.",2020-03-20,0.45
"ALTRI, S.G.P.S., S.A.",2020-03-03,0.5
"Banco Comercial Português, SA",2017-01-18,3.36
"Banco Comercial Português, SA",2017-01-13,3.63
"Banco Comercial Português, SA",2016-10-25,4.34
"Banco Comercial Português, SA",2016-10-20,4.63
"Banco Comercial Português, SA",2016-10-19,4.84
"Banco Comercial Português, SA",2016-10-18,4.95
"Banco Comercial Português, SA",2016-10-13,5.04
"Banco Comercial Português, SA",2016-10-12,4.91
"Banco Comercial Português, SA",2016-09-19,4.82
"Banco Comercial Português, SA",2016-09-16,4.85
"Banco Comercial Português, SA",2016-09-14,4.35
"Banco Comercial Português, SA",2016-09-13,4.27
"Banco Comercial Português, SA",2016-09-01,4.17
"Banco Comercial Português, SA",2016-08-30,3.64
"Banco Comercial Português, SA",2016-08-25,4.12
"Banco Comercial Português, SA",2016-08-01,4.27
"Banco Comercial Português, SA",2016-07-27,4.42
"Banco Comercial Português, SA",2016-07-08,4.38
"Banco Comercial Português, SA",2016-06-29,4.43
"Banco Comercial Português, SA",2016-06-24,4.55
"Banco Comercial Português, SA",2016-06-21,4.31
"Banco Comercial Português, SA",2016-06-17,4.78
"Banco Comercial Português, SA",2016-06-16,4.7
"Banco Comercial Português, SA",2016-06-15,4.67
"Banco Comercial Português, SA",2016-06-14,4.55
"Banco Comercial Português, SA",2016-05-31,4.48
"Banco Comercial Português, SA",2016-05-30,5.16
"Banco Comercial Português, SA",2016-05-26,4.65
"Banco Comercial Português, SA",2016-05-24,4.56
"Banco Comercial Português, SA",2016-05-20,4.79
"Banco Comercial Português, SA",2016-05-18,5.28
"Banco Comercial Português, SA",2016-05-12,5.31
"Banco Comercial Português, SA",2016-05-10,5.28
"Banco Comercial Português, SA",2016-05-09,5.31
"Banco Comercial Português, SA",2016-05-06,5.35
"Banco Comercial Português, SA",2016-04-28,5.43
"Banco Comercial Português, SA",2016-04-22,5.41
"Banco Comercial Português, SA",2016-04-20,4.79
"Banco Comercial Português, SA",2016-04-18,4.89
"Banco Comercial Português, SA",2016-04-14,5.37
"Banco Comercial Português, SA",2016-04-13,5.38
"Banco Comercial Português, SA",2016-04-07,5.48
"Banco Comercial Português, SA",2016-04-06,5.25
"Banco Comercial Português, SA",2016-04-05,5.17
"Banco Comercial Português, SA",2016-04-04,5.05
"Banco Comercial Português, SA",2016-04-01,5.15
"Banco Comercial Português, SA",2016-03-22,5.06
"Banco Comercial Português, SA",2016-03-21,5.04
"Banco Comercial Português, SA",2016-03-18,4.97
"Banco Comercial Português, SA",2016-03-16,4.94
"Banco Comercial Português, SA",2016-03-15,4.85
"Banco Comercial Português, SA",2016-03-14,4.93
"Banco Comercial Português, SA",2016-03-11,5.71
"Banco Comercial Português, SA",2016-03-10,5.81
"Banco Comercial Português, SA",2016-03-08,5.82
"Banco Comercial Português, SA",2016-03-07,5.32
"Banco Comercial Português, SA",2016-03-04,5.38
"Banco Comercial Português, SA",2016-03-03,5.21
"Banco Comercial Português, SA",2016-03-02,5.11
"Banco Comercial Português, SA",2016-02-29,4.97
"Banco Comercial Português, SA",2016-02-23,4.89
"Banco Comercial Português, SA",2016-02-17,5.02
"Banco Comercial Português, SA",2016-02-12,4.91
"Banco Comercial Português, SA",2016-02-11,4.26
"Banco Comercial Português, SA",2016-02-08,3.76
"Banco Comercial Português, SA",2016-02-02,4.15
"Banco Comercial Português, SA",2016-02-01,4.2
"Banco Comercial Português, SA",2016-01-29,3.77
"Banco Comercial Português, SA",2016-01-26,4.25
"Banco Comercial Português, SA",2016-01-25,4.14
"Banco Comercial Português, SA",2016-01-22,4.2
"Banco Comercial Português, SA",2016-01-21,3.69
"Banco Comercial Português, SA",2016-01-20,3.23
"Banco Comercial Português, SA",2016-01-19,3.71
"Banco Comercial Português, SA",2016-01-18,3.78
"Banco Comercial Português, SA",2016-01-08,3.79
"Banco Comercial Português, SA",2016-01-05,3.74
"Banco Comercial Português, SA",2016-01-04,3.86
"Banco Comercial Português, SA",2015-12-31,3.74
"Banco Comercial Português, SA",2015-12-14,3.71
"Banco Comercial Português, SA",2015-12-10,3.57
"Banco Comercial Português, SA",2015-12-07,3.6
"Banco Comercial Português, SA",2015-12-01,3.5
"Banco Comercial Português, SA",2015-11-26,3.4
"Banco Comercial Português, SA",2015-11-25,3.32
"Banco Comercial Português, SA",2015-11-24,3.28
"Banco Comercial Português, SA",2015-11-23,3.18
"Banco Comercial Português, SA",2015-11-20,3.2
"Banco Comercial Português, SA",2015-11-19,3.11
"Banco Comercial Português, SA",2015-11-17,2.6
"Banco Comercial Português, SA",2015-10-16,2.64
"Banco Comercial Português, SA",2015-10-05,2.6
"Banco Comercial Português, SA",2015-10-01,3.06
"Banco Comercial Português, SA",2015-09-30,3.22
"Banco Comercial Português, SA",2015-09-15,3.24
"Banco Comercial Português, SA",2015-09-14,3.22
"Banco Comercial Português, SA",2015-09-08,3.18
"Banco Comercial Português, SA",2015-09-01,2.66
"Banco Comercial Português, SA",2015-08-24,2.55
"Banco Comercial Português, SA",2015-08-10,2.47
"Banco Comercial Português, SA",2015-08-06,2.95
"Banco Comercial Português, SA",2015-07-28,2.84
"Banco Comercial Português, SA",2015-07-27,2.77
"Banco Comercial Português, SA",2015-07-07,2.25
"Banco Comercial Português, SA",2015-07-06,1.75
"Banco Comercial Português, SA",2015-07-02,2.24
"Banco Comercial Português, SA",2015-06-30,2.26
"Banco Comercial Português, SA",2015-06-16,1.75
"Banco Comercial Português, SA",2015-06-15,1.86
"Banco Comercial Português, SA",2015-06-12,1.79
"Banco Comercial Português, SA",2015-06-08,2.28
"Banco Comercial Português, SA",2015-05-07,2.35
"Banco Comercial Português, SA",2015-05-05,1.79
"Banco Comercial Português, SA",2015-04-30,2.28
"Banco Comercial Português, SA",2015-04-27,2.38
"Banco Comercial Português, SA",2015-04-21,2.41
"Banco Comercial Português, SA",2015-04-20,2.37
"Banco Comercial Português, SA",2015-04-07,2.46
"Banco Comercial Português, SA",2015-03-25,2.58
"Banco Comercial Português, SA",2015-03-23,2.68
"Banco Comercial Português, SA",2015-03-20,2.78
"Banco Comercial Português, SA",2015-03-18,2.89
"Banco Comercial Português, SA",2015-03-17,2.9
"Banco Comercial Português, SA",2015-03-16,2.88
"Banco Comercial Português, SA",2015-03-12,2.96
"Banco Comercial Português, SA",2015-03-03,3.07
"Banco Comercial Português, SA",2015-02-25,3.21
"Banco Comercial Português, SA",2015-02-24,3.19
"Banco Comercial Português, SA",2015-02-20,2.76
"Banco Comercial Português, SA",2015-02-18,3.35
"Banco Comercial Português, SA",2015-02-17,3.42
"Banco Comercial Português, SA",2015-02-13,3.58
"Banco Comercial Português, SA",2015-02-12,3.68
"Banco Comercial Português, SA",2015-02-09,3.76
"Banco Comercial Português, SA",2015-02-06,3.86
"Banco Comercial Português, SA",2015-02-03,3.87
"Banco Comercial Português, SA",2015-01-30,3.91
"Banco Comercial Português, SA",2015-01-28,3.95
"Banco Comercial Português, SA",2015-01-27,3.79
"Banco Comercial Português, SA",2015-01-22,3.66
"Banco Comercial Português, SA",2015-01-21,3.04
"Banco Comercial Português, SA",2015-01-16,3.06
"Banco Comercial Português, SA",2015-01-15,2.96
"Banco Comercial Português, SA",2015-01-13,3.02
"Banco Comercial Português, SA",2015-01-08,2.92
"Banco Comercial Português, SA",2015-01-05,2.84
"Banco Comercial Português, SA",2014-12-29,2.73
"Banco Comercial Português, SA",2014-12-17,2.68
"Banco Comercial Português, SA",2014-12-15,2.77
"Banco Comercial Português, SA",2014-12-11,3.37
"Banco Comercial Português, SA",2014-12-10,3.4
"Banco Comercial Português, SA",2014-12-09,3.46
"Banco Comercial Português, SA",2014-12-04,3.43
"Banco Comercial Português, SA",2014-12-02,3.53
"Banco Comercial Português, SA",2014-12-01,3.64
"Banco Comercial Português, SA",2014-11-24,3.55
"Banco Comercial Português, SA",2014-11-21,3.56
"Banco Comercial Português, SA",2014-11-18,3.48
"Banco Comercial Português, SA",2014-11-14,3.39
"Banco Comercial Português, SA",2014-11-13,3.35
"Banco Comercial Português, SA",2014-11-11,3.2
"Banco Comercial Português, SA",2014-11-06,3.08
"Banco Comercial Português, SA",2014-11-05,2.98
"Banco Comercial Português, SA",2014-11-04,2.96
"Banco Comercial Português, SA",2014-10-31,2.87
"Banco Comercial Português, SA",2014-10-27,2.84
"Banco Comercial Português, SA",2014-10-24,2.9
"Banco Comercial Português, SA",2014-10-20,2.82
"Banco Comercial Português, SA",2014-10-17,2.79
"Banco Comercial Português, SA",2014-10-16,2.8
"Banco Comercial Português, SA",2014-10-14,2.76
"Banco Comercial Português, SA",2014-10-13,2.7
"Banco Comercial Português, SA",2014-10-09,2.74
"Banco Comercial Português, SA",2014-10-08,2.73
"Banco Comercial Português, SA",2014-10-07,2.74
"Banco Comercial Português, SA",2014-10-06,2.8
"Banco Comercial Português, SA",2014-10-02,2.72
"Banco Comercial Português, SA",2014-09-26,2.69
"Banco Comercial Português, SA",2014-09-22,2.71
"Banco Comercial Português, SA",2014-09-08,2.61
"Banco Comercial Português, SA",2014-07-28,2.1
"Banco Comercial Português, SA",2014-07-25,3.4
"Banco Comercial Português, SA",2014-07-24,4.53
"Banco Comercial Português, SA",2014-07-23,3.98
"Banco Comercial Português, SA",2014-07-22,3.94
"Banco Comercial Português, SA",2014-07-21,3.73
"Banco Comercial Português, SA",2014-07-18,3.6
"Banco Comercial Português, SA",2014-07-16,3.49
"Banco Comercial Português, SA",2014-07-15,3.25
"Banco Comercial Português, SA",2014-07-14,3.04
"Banco Comercial Português, SA",2014-07-11,2.96
"Banco Comercial Português, SA",2014-07-10,2.33
"Banco Comercial Português, SA",2014-07-01,2.12
"Banco Comercial Português, SA",2014-06-13,2.11
"Banco Comercial Português, SA",2014-06-11,2.05
"Banco Comercial Português, SA",2014-06-09,1.91
"Banco Comercial Português, SA",2014-06-04,1.8
"Banco Comercial Português, SA",2014-05-28,2.19
"Banco Comercial Português, SA",2014-05-27,2.29
"Banco Comercial Português, SA",2014-05-23,2.21
"Banco Comercial Português, SA",2014-05-22,2.31
"Banco Comercial Português, SA",2014-05-20,2.22
"Banco Comercial Português, SA",2014-05-19,2.24
"Banco Comercial Português, SA",2014-05-16,2.18
"Banco Comercial Português, SA",2014-05-12,1.53
"Banco Comercial Português, SA",2014-04-28,1.31
"Banco Comercial Português, SA",2014-04-11,1.22
"Banco Comercial Português, SA",2013-11-20,0.71
"Banco Comercial Português, SA",2013-11-19,1.01
"Banco Comercial Português, SA",2013-11-18,1.25
"Banco Comercial Português, SA",2013-11-15,1.45
"Banco Comercial Português, SA",2013-08-01,1.55
"Banco Comercial Português, SA",2013-05-17,1.42
"Banco Comercial Português, SA",2013-05-13,1.32
"Banco Comercial Português, SA",2013-05-09,1.23
"Banco Comercial Português, SA",2013-05-08,0.71
"Banco Comercial Português, SA",2013-05-07,1.09
"Banco Comercial Português, SA",2013-04-15,1.22
"Banco Comercial Português, SA",2013-04-05,0.71
"Banco Comercial Português, SA",2013-04-04,0.58
"Banco Comercial Português, SA",2023-03-23,0.59
"Banco Comercial Português, SA",2023-03-16,0.6
"Banco Comercial Português, SA",2023-03-02,0.5
"Banco Comercial Português, SA",2023-02-22,0.46
"Banco Comercial Português, SA",2023-02-20,0.51
"Banco Comercial Português, SA",2023-02-16,0.99
"Banco Comercial Português, SA",2023-02-14,1.58
"Banco Comercial Português, SA",2023-02-03,1.68
"Banco Comercial Português, SA",2023-01-30,1.79
"Banco Comercial Português, SA",2023-01-26,1.89
"Banco Comercial Português, SA",2023-01-24,1.38
"Banco Comercial Português, SA",2023-01-17,1.39
"Banco Comercial Português, SA",2022-12-30,1.4
"Banco Comercial Português, SA",2022-12-28,1.3
"Banco Comercial Português, SA",2022-11-30,1.21
"Banco Comercial Português, SA",2022-11-28,1.11
"Banco Comercial Português, SA",2022-11-21,1
"Banco Comercial Português, SA",2022-11-16,0.5
"Banco Comercial Português, SA",2022-09-30,0.47
"Banco Comercial Português, SA",2022-09-29,0.51
"Banco Comercial Português, SA",2022-09-28,1
"Banco Comercial Português, SA",2022-09-27,0.49
"Banco Comercial Português, SA",2022-09-20,0.5
"Banco Comercial Português, SA",2022-09-15,0.98
"Banco Comercial Português, SA",2022-09-13,1.04
"Banco Comercial Português, SA",2022-09-12,0.5
"Banco Comercial Português, SA",2022-09-08,0.97
"Banco Comercial Português, SA",2022-09-01,1
"Banco Comercial Português, SA",2022-08-11,0.5
"Banco Comercial Português, SA",2022-08-10,0.49
"Banco Comercial Português, SA",2022-08-01,0.58
"Banco Comercial Português, SA",2022-07-28,0.64
"Banco Comercial Português, SA",2022-07-27,1.1
"Banco Comercial Português, SA",2022-07-26,1.3
"Banco Comercial Português, SA",2022-07-21,1.26
"Banco Comercial Português, SA",2022-07-18,1.23
"Banco Comercial Português, SA",2022-07-13,1.2
"Banco Comercial Português, SA",2022-07-12,1.04
"Banco Comercial Português, SA",2022-07-05,0.52
"Banco Comercial Português, SA",2022-05-20,0.49
"Banco Comercial Português, SA",2022-05-12,0.56
"Banco Comercial Português, SA",2022-04-27,0.6
"Banco Comercial Português, SA",2022-04-26,0.57
"Banco Comercial Português, SA",2022-04-25,0.49
"Banco Comercial Português, SA",2022-04-20,0.58
"Banco Comercial Português, SA",2022-04-06,0.61
"Banco Comercial Português, SA",2022-04-01,0.53
"Banco Comercial Português, SA",2022-03-28,0.46
"Banco Comercial Português, SA",2022-03-02,0.5
"Banco Comercial Português, SA",2022-02-28,0.95
"Banco Comercial Português, SA",2022-02-25,1.09
"Banco Comercial Português, SA",2022-02-21,0.59
"Banco Comercial Português, SA",2022-02-07,0.68
"Banco Comercial Português, SA",2022-02-02,0.79
"Banco Comercial Português, SA",2022-01-04,0.89
"Banco Comercial Português, SA",2021-08-23,0.98
"Banco Comercial Português, SA",2021-04-01,1
"Banco Comercial Português, SA",2021-03-22,0.94
"Banco Comercial Português, SA",2021-03-10,0.8
"Banco Comercial Português, SA",2021-02-22,0.7
"Banco Comercial Português, SA",2020-07-16,0.61
"Banco Comercial Português, SA",2020-07-14,1.09
"Banco Comercial Português, SA",2020-07-10,1.14
"Banco Comercial Português, SA",2020-06-24,0.61
"Banco Comercial Português, SA",2020-06-03,0.59
"Banco Comercial Português, SA",2020-06-01,1.08
"Banco Comercial Português, SA",2020-05-26,1.12
"Banco Comercial Português, SA",2020-05-20,0.59
"Banco Comercial Português, SA",2020-05-19,1.16
"Banco Comercial Português, SA",2020-05-18,1.23
"Banco Comercial Português, SA",2020-05-07,1.38
"Banco Comercial Português, SA",2020-04-21,1.28
"Banco Comercial Português, SA",2020-04-01,1.18
"Banco Comercial Português, SA",2020-02-18,0.68
"Banco Comercial Português, SA",2019-12-23,0.78
"Banco Comercial Português, SA",2019-11-28,0.87
"Banco Comercial Português, SA",2019-11-27,0.92
"Banco Comercial Português, SA",2019-10-31,1.03
"Banco Comercial Português, SA",2019-10-24,1.99
"Banco Comercial Português, SA",2019-10-23,2.09
"Banco Comercial Português, SA",2019-10-17,2.19
"Banco Comercial Português, SA",2019-10-16,2.26
"Banco Comercial Português, SA",2019-10-03,2.37
"Banco Comercial Português, SA",2019-09-30,2.32
"Banco Comercial Português, SA",2019-09-25,2.42
"Banco Comercial Português, SA",2019-09-20,2.3
"Banco Comercial Português, SA",2019-09-19,1.78
"Banco Comercial Português, SA",2019-09-10,1.87
"Banco Comercial Português, SA",2019-09-03,2.35
"Banco Comercial Português, SA",2019-08-30,2.38
"Banco Comercial Português, SA",2019-08-27,2.69
"Banco Comercial Português, SA",2019-08-26,2.76
"Banco Comercial Português, SA",2019-08-21,2.88
"Banco Comercial Português, SA",2019-08-16,2.97
"Banco Comercial Português, SA",2019-08-12,2.42
"Banco Comercial Português, SA",2019-07-30,2.3
"Banco Comercial Português, SA",2019-07-26,2.26
"Banco Comercial Português, SA",2019-07-03,2.18
"Banco Comercial Português, SA",2019-06-04,2.29
"Banco Comercial Português, SA",2019-06-03,2.26
"Banco Comercial Português, SA",2019-04-30,2.12
"Banco Comercial Português, SA",2019-04-24,2.6
"Banco Comercial Português, SA",2019-04-05,2.71
"Banco Comercial Português, SA",2019-04-01,2.73
"Banco Comercial Português, SA",2019-03-27,2.71
"Banco Comercial Português, SA",2019-03-12,2.72
"Banco Comercial Português, SA",2019-03-07,2.73
"Banco Comercial Português, SA",2019-02-13,2.65
"Banco Comercial Português, SA",2018-12-18,2.64
"Banco Comercial Português, SA",2018-12-14,2.65
"Banco Comercial Português, SA",2018-12-13,2.64
"Banco Comercial Português, SA",2018-12-10,2.74
"Banco Comercial Português, SA",2018-12-06,2.71
"Banco Comercial Português, SA",2018-12-04,2.72
"Banco Comercial Português, SA",2018-11-23,2.62
"Banco Comercial Português, SA",2018-11-14,2.71
"Banco Comercial Português, SA",2018-11-09,2.58
"Banco Comercial Português, SA",2018-11-08,3.08
"Banco Comercial Português, SA",2018-11-07,2.99
"Banco Comercial Português, SA",2018-10-25,3.1
"Banco Comercial Português, SA",2018-10-22,3
"Banco Comercial Português, SA",2018-10-10,3.01
"Banco Comercial Português, SA",2018-10-01,2.98
"Banco Comercial Português, SA",2018-09-26,3.1
"Banco Comercial Português, SA",2018-09-25,3.09
"Banco Comercial Português, SA",2018-09-21,3.18
"Banco Comercial Português, SA",2018-09-18,3.21
"Banco Comercial Português, SA",2018-09-14,3.18
"Banco Comercial Português, SA",2018-09-06,3.19
"Banco Comercial Português, SA",2018-08-31,3.18
"Banco Comercial Português, SA",2018-08-30,3.24
"Banco Comercial Português, SA",2018-08-07,3.26
"Banco Comercial Português, SA",2018-08-03,3.25
"Banco Comercial Português, SA",2018-07-26,3.27
"Banco Comercial Português, SA",2018-07-23,3.4
"Banco Comercial Português, SA",2018-07-20,3.44
"Banco Comercial Português, SA",2018-07-19,3.45
"Banco Comercial Português, SA",2018-07-02,3.49
"Banco Comercial Português, SA",2018-06-14,3.58
"Banco Comercial Português, SA",2018-06-01,3.65
"Banco Comercial Português, SA",2018-05-31,3.7
"Banco Comercial Português, SA",2018-05-29,3.66
"Banco Comercial Português, SA",2018-05-24,3.79
"Banco Comercial Português, SA",2018-05-23,3.69
"Banco Comercial Português, SA",2018-05-18,3.61
"Banco Comercial Português, SA",2018-05-14,3.57
"Banco Comercial Português, SA",2018-04-27,3.47
"Banco Comercial Português, SA",2018-04-24,2.97
"Banco Comercial Português, SA",2018-04-19,3.05
"Banco Comercial Português, SA",2018-04-16,3.18
"Banco Comercial Português, SA",2018-04-12,3.25
"Banco Comercial Português, SA",2018-04-09,3.38
"Banco Comercial Português, SA",2018-03-20,3.39
"Banco Comercial Português, SA",2018-03-13,3.85
"Banco Comercial Português, SA",2018-03-05,3.98
"Banco Comercial Português, SA",2018-03-01,3.89
"Banco Comercial Português, SA",2018-02-27,3.95
"Banco Comercial Português, SA",2018-02-21,3.85
"Banco Comercial Português, SA",2018-02-19,3.83
"Banco Comercial Português, SA",2018-02-15,3.85
"Banco Comercial Português, SA",2018-02-14,3.75
"Banco Comercial Português, SA",2018-02-13,3.66
"Banco Comercial Português, SA",2018-02-12,3.78
"Banco Comercial Português, SA",2018-02-06,3.69
"Banco Comercial Português, SA",2018-01-30,3.59
"Banco Comercial Português, SA",2018-01-26,3.77
"Banco Comercial Português, SA",2018-01-25,3.74
"Banco Comercial Português, SA",2018-01-23,3.76
"Banco Comercial Português, SA",2018-01-22,3.75
"Banco Comercial Português, SA",2018-01-17,3.94
"Banco Comercial Português, SA",2018-01-15,4.05
"Banco Comercial Português, SA",2018-01-10,4.06
"Banco Comercial Português, SA",2018-01-08,4.04
"Banco Comercial Português, SA",2018-01-05,4.13
"Banco Comercial Português, SA",2018-01-03,4.21
"Banco Comercial Português, SA",2018-01-02,4.27
"Banco Comercial Português, SA",2017-12-29,4.3
"Banco Comercial Português, SA",2017-12-20,4.41
"Banco Comercial Português, SA",2017-12-15,4.51
"Banco Comercial Português, SA",2017-12-12,4.6
"Banco Comercial Português, SA",2017-12-11,4.56
"Banco Comercial Português, SA",2017-12-05,4.66
"Banco Comercial Português, SA",2017-11-29,4.69
"Banco Comercial Português, SA",2017-11-14,4.82
"Banco Comercial Português, SA",2017-11-08,4.83
"Banco Comercial Português, SA",2017-11-06,4.71
"Banco Comercial Português, SA",2017-11-02,4.62
"Banco Comercial Português, SA",2017-10-30,4.56
"Banco Comercial Português, SA",2017-10-26,4.47
"Banco Comercial Português, SA",2017-10-23,4.33
"Banco Comercial Português, SA",2017-10-17,4.3
"Banco Comercial Português, SA",2017-10-11,4.2
"Banco Comercial Português, SA",2017-10-04,4.18
"Banco Comercial Português, SA",2017-09-27,4.19
"Banco Comercial Português, SA",2017-09-21,4.17
"Banco Comercial Português, SA",2017-09-19,4.19
"Banco Comercial Português, SA",2017-09-14,4.21
"Banco Comercial Português, SA",2017-09-12,4.12
"Banco Comercial Português, SA",2017-09-08,4.01
"Banco Comercial Português, SA",2017-09-07,4.03
"Banco Comercial Português, SA",2017-09-01,3.79
"Banco Comercial Português, SA",2017-08-31,3.7
"Banco Comercial Português, SA",2017-08-28,3.72
"Banco Comercial Português, SA",2017-08-25,3.7
"Banco Comercial Português, SA",2017-08-24,3.71
"Banco Comercial Português, SA",2017-08-15,3.7
"Banco Comercial Português, SA",2017-08-14,3.69
"Banco Comercial Português, SA",2017-08-10,3.7
"Banco Comercial Português, SA",2017-08-08,3.62
"Banco Comercial Português, SA",2017-08-04,3.54
"Banco Comercial Português, SA",2017-08-02,3.44
"Banco Comercial Português, SA",2017-07-28,3.38
"Banco Comercial Português, SA",2017-07-26,2.62
"Banco Comercial Português, SA",2017-07-25,2.52
"Banco Comercial Português, SA",2017-07-06,2.41
"Banco Comercial Português, SA",2017-06-27,2.31
"Banco Comercial Português, SA",2017-06-26,2.26
"Banco Comercial Português, SA",2017-06-19,2.15
"Banco Comercial Português, SA",2017-06-13,2.06
"Banco Comercial Português, SA",2017-06-09,2.03
"Banco Comercial Português, SA",2017-06-07,2.18
"Banco Comercial Português, SA",2017-05-31,2.07
"Banco Comercial Português, SA",2017-05-26,1.98
"Banco Comercial Português, SA",2017-05-25,2.01
"Banco Comercial Português, SA",2017-05-22,1.96
"Banco Comercial Português, SA",2017-05-08,1.45
"Banco Comercial Português, SA",2017-05-05,1.61
"Banco Comercial Português, SA",2017-05-04,1.69
"Banco Comercial Português, SA",2017-04-28,1.79
"Banco Comercial Português, SA",2017-04-11,1.82
"Banco Comercial Português, SA",2017-04-06,1.72
"Banco Comercial Português, SA",2017-04-04,1.64
"Banco Comercial Português, SA",2017-04-03,1.53
"Banco Comercial Português, SA",2017-03-30,1.41
"Banco Comercial Português, SA",2017-03-28,1.31
"Banco Comercial Português, SA",2017-03-23,1.23
"Banco Comercial Português, SA",2017-03-17,1.11
"Banco Comercial Português, SA",2017-03-16,1.03
"Banco Comercial Português, SA",2017-03-01,0.51
"Banco Comercial Português, SA",2017-02-27,0.47
"Banco Comercial Português, SA",2017-02-23,0.59
"Banco Comercial Português, SA",2017-02-16,0.68
"Banco Comercial Português, SA",2017-02-09,0.79
"Banco Comercial Português, SA",2017-02-07,2.61
"Banco Comercial Português, SA",2017-02-06,4.28
"Banco Comercial Português, SA",2017-02-03,3.5
"Banco Comercial Português, SA",2017-02-02,3.42
"Banco Comercial Português, SA",2017-01-20,2.1
"Banco Comercial Português, SA",2017-01-19,2.59
"Banco Comercial Português, SA",2017-01-18,3
"Banco Comercial Português, SA",2017-01-17,3.14
"Banco Comercial Português, SA",2017-01-16,3.27
"Banco Comercial Português, SA",2016-12-22,3.93
"Banco Comercial Português, SA",2016-12-19,3.88
"Banco Comercial Português, SA",2016-12-16,4.36
"Banco Comercial Português, SA",2016-12-15,4.15
"Banco Comercial Português, SA",2016-12-14,4.19
"Banco Comercial Português, SA",2016-12-13,4.15
"Banco Comercial Português, SA",2016-12-12,4.34
"Banco Comercial Português, SA",2016-12-08,3.82
"Banco Comercial Português, SA",2016-12-06,3.76
"Banco Comercial Português, SA",2016-12-01,3.78
"Banco Comercial Português, SA",2016-11-23,3.71
"Banco Comercial Português, SA",2016-11-21,1.91
"Banco Comercial Português, SA",2016-11-11,0.73
"CTT - Correios de Portugal, SA",2023-03-17,0.44
"CTT - Correios de Portugal, SA",2023-03-15,0.59
"CTT - Correios de Portugal, SA",2023-03-06,0.68
"CTT - Correios de Portugal, SA",2023-02-28,0.78
"CTT - Correios de Portugal, SA",2023-02-24,0.82
"CTT - Correios de Portugal, SA",2023-02-21,1.3
"CTT - Correios de Portugal, SA",2023-02-14,1.4
"CTT - Correios de Portugal, SA",2023-02-09,1.49
"CTT - Correios de Portugal, SA",2023-02-08,1.59
"CTT - Correios de Portugal, SA",2023-02-07,1.54
"CTT - Correios de Portugal, SA",2023-02-06,1.68
"CTT - Correios de Portugal, SA",2023-02-03,1.59
"CTT - Correios de Portugal, SA",2023-01-26,1.7
"CTT - Correios de Portugal, SA",2023-01-19,1.81
"CTT - Correios de Portugal, SA",2023-01-16,1.78
"CTT - Correios de Portugal, SA",2023-01-04,1.86
"CTT - Correios de Portugal, SA",2022-12-15,1.9
"CTT - Correios de Portugal, SA",2022-11-23,1.88
"CTT - Correios de Portugal, SA",2022-11-18,1.97
"CTT - Correios de Portugal, SA",2022-11-15,2.4
"CTT - Correios de Portugal, SA",2022-11-07,2.5
"CTT - Correios de Portugal, SA",2022-11-01,2.52
"CTT - Correios de Portugal, SA",2022-10-25,2.62
"CTT - Correios de Portugal, SA",2022-10-20,2.6
"CTT - Correios de Portugal, SA",2022-10-19,2.62
"CTT - Correios de Portugal, SA",2022-10-12,2.53
"CTT - Correios de Portugal, SA",2022-10-05,2.62
"CTT - Correios de Portugal, SA",2022-09-30,2.6
"CTT - Correios de Portugal, SA",2022-09-22,2.75
"CTT - Correios de Portugal, SA",2022-09-20,2.63
"CTT - Correios de Portugal, SA",2022-08-09,2.51
"CTT - Correios de Portugal, SA",2022-08-05,2.98
"CTT - Correios de Portugal, SA",2022-07-29,3.13
"CTT - Correios de Portugal, SA",2022-07-28,3.22
"CTT - Correios de Portugal, SA",2022-07-25,3.36
"CTT - Correios de Portugal, SA",2022-07-20,3.46
"CTT - Correios de Portugal, SA",2022-07-15,3.56
"CTT - Correios de Portugal, SA",2022-07-11,3.68
"CTT - Correios de Portugal, SA",2022-07-06,3.64
"CTT - Correios de Portugal, SA",2022-06-28,3.75
"CTT - Correios de Portugal, SA",2022-06-24,3.28
"CTT - Correios de Portugal, SA",2022-06-23,3.26
"CTT - Correios de Portugal, SA",2022-06-20,3.24
"CTT - Correios de Portugal, SA",2022-06-16,3.16
"CTT - Correios de Portugal, SA",2022-06-15,3.12
"CTT - Correios de Portugal, SA",2022-06-10,2.98
"CTT - Correios de Portugal, SA",2022-06-09,2.76
"CTT - Correios de Portugal, SA",2022-06-08,2.67
"CTT - Correios de Portugal, SA",2022-06-06,2.75
"CTT - Correios de Portugal, SA",2022-06-02,2.72
"CTT - Correios de Portugal, SA",2022-06-01,2.74
"CTT - Correios de Portugal, SA",2022-05-25,2.65
"CTT - Correios de Portugal, SA",2022-05-23,2.14
"CTT - Correios de Portugal, SA",2022-05-10,2.24
"CTT - Correios de Portugal, SA",2022-05-09,2.29
"CTT - Correios de Portugal, SA",2022-05-06,2.65
"CTT - Correios de Portugal, SA",2022-05-03,2.67
"CTT - Correios de Portugal, SA",2022-04-27,2.56
"CTT - Correios de Portugal, SA",2022-04-11,2.06
"CTT - Correios de Portugal, SA",2022-04-04,2.07
"CTT - Correios de Portugal, SA",2022-03-24,2.05
"CTT - Correios de Portugal, SA",2022-03-07,2.08
"CTT - Correios de Portugal, SA",2022-02-21,1.97
"CTT - Correios de Portugal, SA",2022-02-16,1.96
"CTT - Correios de Portugal, SA",2022-02-11,2.02
"CTT - Correios de Portugal, SA",2022-01-21,2.55
"CTT - Correios de Portugal, SA",2022-01-14,2.54
"CTT - Correios de Portugal, SA",2022-01-11,2.56
"CTT - Correios de Portugal, SA",2022-01-10,2.07
"CTT - Correios de Portugal, SA",2022-01-05,2.06
"CTT - Correios de Portugal, SA",2021-12-16,2.08
"CTT - Correios de Portugal, SA",2021-12-10,1.97
"CTT - Correios de Portugal, SA",2021-11-26,1.47
"CTT - Correios de Portugal, SA",2021-11-22,1.95
"CTT - Correios de Portugal, SA",2021-11-18,1.97
"CTT - Correios de Portugal, SA",2021-11-08,2.05
"CTT - Correios de Portugal, SA",2021-04-23,1.55
"CTT - Correios de Portugal, SA",2021-03-24,1.66
"CTT - Correios de Portugal, SA",2021-03-19,1.78
"CTT - Correios de Portugal, SA",2021-03-12,1.89
"CTT - Correios de Portugal, SA",2021-02-15,1.9
"CTT - Correios de Portugal, SA",2021-01-15,2.19
"CTT - Correios de Portugal, SA",2021-01-14,2.27
"CTT - Correios de Portugal, SA",2020-06-29,2.79
"CTT - Correios de Portugal, SA",2020-06-24,2.66
"CTT - Correios de Portugal, SA",2020-06-18,2.51
"CTT - Correios de Portugal, SA",2020-05-26,2.43
"CTT - Correios de Portugal, SA",2020-05-21,2.91
"CTT - Correios de Portugal, SA",2020-05-14,2.96
"CTT - Correios de Portugal, SA",2020-04-16,2.43
"CTT - Correios de Portugal, SA",2020-03-25,2.33
"CTT - Correios de Portugal, SA",2020-03-23,2.8
"CTT - Correios de Portugal, SA",2020-03-19,2.87
"CTT - Correios de Portugal, SA",2020-03-13,3.02
"CTT - Correios de Portugal, SA",2020-02-19,3.11
"CTT - Correios de Portugal, SA",2020-02-04,3.22
"CTT - Correios de Portugal, SA",2020-01-31,3.13
"CTT - Correios de Portugal, SA",2020-01-16,3.23
"CTT - Correios de Portugal, SA",2020-01-03,3.33
"CTT - Correios de Portugal, SA",2019-12-20,3.43
"CTT - Correios de Portugal, SA",2019-12-17,3.3
"CTT - Correios de Portugal, SA",2019-12-13,3.39
"CTT - Correios de Portugal, SA",2019-12-11,3.08
"CTT - Correios de Portugal, SA",2019-12-10,3.06
"CTT - Correios de Portugal, SA",2019-12-06,2.93
"CTT - Correios de Portugal, SA",2019-12-05,2.72
"CTT - Correios de Portugal, SA",2019-12-04,2.61
"CTT - Correios de Portugal, SA",2019-12-03,2.54
"CTT - Correios de Portugal, SA",2019-11-29,2.38
"CTT - Correios de Portugal, SA",2019-11-28,2.36
"CTT - Correios de Portugal, SA",2019-11-20,2.08
"CTT - Correios de Portugal, SA",2019-11-11,2.18
"CTT - Correios de Portugal, SA",2019-11-05,2.26
"CTT - Correios de Portugal, SA",2019-11-04,2.29
"CTT - Correios de Portugal, SA",2019-10-31,2.64
"CTT - Correios de Portugal, SA",2019-10-29,2.87
"CTT - Correios de Portugal, SA",2019-10-24,3.26
"CTT - Correios de Portugal, SA",2019-10-22,3.44
"CTT - Correios de Portugal, SA",2019-10-18,4.04
"CTT - Correios de Portugal, SA",2019-10-17,4.15
"CTT - Correios de Portugal, SA",2019-10-15,4.25
"CTT - Correios de Portugal, SA",2019-10-14,4.35
"CTT - Correios de Portugal, SA",2019-10-08,4.36
"CTT - Correios de Portugal, SA",2019-10-03,4.35
"CTT - Correios de Portugal, SA",2019-09-30,4.86
"CTT - Correios de Portugal, SA",2019-09-23,4.87
"CTT - Correios de Portugal, SA",2019-09-18,4.86
"CTT - Correios de Portugal, SA",2019-09-13,4.88
"CTT - Correios de Portugal, SA",2019-09-12,4.98
"CTT - Correios de Portugal, SA",2019-09-06,5.08
"CTT - Correios de Portugal, SA",2019-08-14,5.18
"CTT - Correios de Portugal, SA",2019-07-16,5.2
"CTT - Correios de Portugal, SA",2019-07-11,5.12
"CTT - Correios de Portugal, SA",2019-07-10,5.01
"CTT - Correios de Portugal, SA",2019-07-09,4.92
"CTT - Correios de Portugal, SA",2019-07-08,4.74
"CTT - Correios de Portugal, SA",2019-07-03,4.67
"CTT - Correios de Portugal, SA",2019-07-02,4.14
"CTT - Correios de Portugal, SA",2019-07-01,4
"CTT - Correios de Portugal, SA",2019-06-28,4.47
"CTT - Correios de Portugal, SA",2019-06-27,3.96
"CTT - Correios de Portugal, SA",2019-06-25,4.08
"CTT - Correios de Portugal, SA",2019-06-21,3.58
"CTT - Correios de Portugal, SA",2019-06-19,4.64
"CTT - Correios de Portugal, SA",2019-06-18,4.68
"CTT - Correios de Portugal, SA",2019-06-14,4.24
"CTT - Correios de Portugal, SA",2019-06-13,4.46
"CTT - Correios de Portugal, SA",2019-06-11,3.95
"CTT - Correios de Portugal, SA",2019-06-06,4.05
"CTT - Correios de Portugal, SA",2019-06-05,4.14
"CTT - Correios de Portugal, SA",2019-06-04,4.17
"CTT - Correios de Portugal, SA",2019-05-24,4.16
"CTT - Correios de Portugal, SA",2019-05-23,3.4
"CTT - Correios de Portugal, SA",2019-05-22,3.33
"CTT - Correios de Portugal, SA",2019-05-16,3.2
"CTT - Correios de Portugal, SA",2019-05-14,3.14
"CTT - Correios de Portugal, SA",2019-05-10,3
"CTT - Correios de Portugal, SA",2019-05-02,2.89
"CTT - Correios de Portugal, SA",2019-04-24,2.88
"CTT - Correios de Portugal, SA",2019-04-19,2.98
"CTT - Correios de Portugal, SA",2019-04-15,2.88
"CTT - Correios de Portugal, SA",2019-04-04,2.98
"CTT - Correios de Portugal, SA",2019-03-25,3.03
"CTT - Correios de Portugal, SA",2019-03-13,2.79
"CTT - Correios de Portugal, SA",2019-03-07,2.69
"CTT - Correios de Portugal, SA",2019-03-04,2.6
"CTT - Correios de Portugal, SA",2019-02-28,2.57
"CTT - Correios de Portugal, SA",2019-02-25,2.67
"CTT - Correios de Portugal, SA",2019-02-22,2.66
"CTT - Correios de Portugal, SA",2019-02-14,2.77
"CTT - Correios de Portugal, SA",2019-02-11,2.86
"CTT - Correios de Portugal, SA",2019-02-08,2.87
"CTT - Correios de Portugal, SA",2019-02-07,2.86
"CTT - Correios de Portugal, SA",2019-02-05,2.87
"CTT - Correios de Portugal, SA",2019-01-31,2.86
"CTT - Correios de Portugal, SA",2019-01-28,2.96
"CTT - Correios de Portugal, SA",2019-01-16,3.07
"CTT - Correios de Portugal, SA",2018-12-21,3.1
"CTT - Correios de Portugal, SA",2018-12-19,3
"CTT - Correios de Portugal, SA",2018-12-18,2.88
"CTT - Correios de Portugal, SA",2018-12-14,3.37
"CTT - Correios de Portugal, SA",2018-12-13,3.27
"CTT - Correios de Portugal, SA",2018-12-12,3.28
"CTT - Correios de Portugal, SA",2018-12-10,2.78
"CTT - Correios de Portugal, SA",2018-12-03,2.77
"CTT - Correios de Portugal, SA",2018-11-30,3.26
"CTT - Correios de Portugal, SA",2018-11-29,3.35
"CTT - Correios de Portugal, SA",2018-11-27,3.45
"CTT - Correios de Portugal, SA",2018-11-26,3.63
"CTT - Correios de Portugal, SA",2018-11-23,4.11
"CTT - Correios de Portugal, SA",2018-11-21,4.21
"CTT - Correios de Portugal, SA",2018-11-19,4.31
"CTT - Correios de Portugal, SA",2018-11-15,4.41
"CTT - Correios de Portugal, SA",2018-11-08,5
"CTT - Correios de Portugal, SA",2018-11-06,5.1
"CTT - Correios de Portugal, SA",2018-11-05,5.06
"CTT - Correios de Portugal, SA",2018-11-02,5.65
"CTT - Correios de Portugal, SA",2018-11-01,5.53
"CTT - Correios de Portugal, SA",2018-10-31,5.73
"CTT - Correios de Portugal, SA",2018-10-30,6.04
"CTT - Correios de Portugal, SA",2018-10-29,6.13
"CTT - Correios de Portugal, SA",2018-10-26,6.1
"CTT - Correios de Portugal, SA",2018-10-24,6.19
"CTT - Correios de Portugal, SA",2018-10-22,6.3
"CTT - Correios de Portugal, SA",2018-10-17,6.4
"CTT - Correios de Portugal, SA",2018-10-12,6.5
"CTT - Correios de Portugal, SA",2018-10-11,6.6
"CTT - Correios de Portugal, SA",2018-10-10,6.62
"CTT - Correios de Portugal, SA",2018-10-09,6.72
"CTT - Correios de Portugal, SA",2018-10-08,6.81
"CTT - Correios de Portugal, SA",2018-10-04,6.9
"CTT - Correios de Portugal, SA",2018-10-01,6.89
"CTT - Correios de Portugal, SA",2018-09-24,6.98
"CTT - Correios de Portugal, SA",2018-09-20,7.19
"CTT - Correios de Portugal, SA",2018-09-17,7.41
"CTT - Correios de Portugal, SA",2018-09-14,7.43
"CTT - Correios de Portugal, SA",2018-09-13,7.54
"CTT - Correios de Portugal, SA",2018-09-12,7.55
"CTT - Correios de Portugal, SA",2018-09-10,7.65
"CTT - Correios de Portugal, SA",2018-09-07,7.54
"CTT - Correios de Portugal, SA",2018-09-06,7.58
"CTT - Correios de Portugal, SA",2018-09-05,7.85
"CTT - Correios de Portugal, SA",2018-08-30,7.86
"CTT - Correios de Portugal, SA",2018-08-29,7.94
"CTT - Correios de Portugal, SA",2018-08-27,8.1
"CTT - Correios de Portugal, SA",2018-08-24,8.18
"CTT - Correios de Portugal, SA",2018-08-22,8.28
"CTT - Correios de Portugal, SA",2018-08-20,8.4
"CTT - Correios de Portugal, SA",2018-08-16,8.51
"CTT - Correios de Portugal, SA",2018-08-14,8.61
"CTT - Correios de Portugal, SA",2018-08-13,8.58
"CTT - Correios de Portugal, SA",2018-08-09,8.68
"CTT - Correios de Portugal, SA",2018-08-08,8.83
"CTT - Correios de Portugal, SA",2018-08-06,9.05
"CTT - Correios de Portugal, SA",2018-08-03,9.07
"CTT - Correios de Portugal, SA",2018-08-02,9.09
"CTT - Correios de Portugal, SA",2018-08-01,9.16
"CTT - Correios de Portugal, SA",2018-07-30,9.1
"CTT - Correios de Portugal, SA",2018-07-27,9.11
"CTT - Correios de Portugal, SA",2018-07-26,9.13
"CTT - Correios de Portugal, SA",2018-07-25,9.34
"CTT - Correios de Portugal, SA",2018-07-20,9.42
"CTT - Correios de Portugal, SA",2018-07-19,9.57
"CTT - Correios de Portugal, SA",2018-07-18,9.49
"CTT - Correios de Portugal, SA",2018-07-17,9.55
"CTT - Correios de Portugal, SA",2018-07-13,9.63
"CTT - Correios de Portugal, SA",2018-07-09,9.69
"CTT - Correios de Portugal, SA",2018-07-05,9.47
"CTT - Correios de Portugal, SA",2018-07-04,9.54
"CTT - Correios de Portugal, SA",2018-07-03,9.49
"CTT - Correios de Portugal, SA",2018-07-02,9.36
"CTT - Correios de Portugal, SA",2018-06-29,9.09
"CTT - Correios de Portugal, SA",2018-06-28,9.3
"CTT - Correios de Portugal, SA",2018-06-27,9.29
"CTT - Correios de Portugal, SA",2018-06-26,9.39
"CTT - Correios de Portugal, SA",2018-06-25,9.35
"CTT - Correios de Portugal, SA",2018-06-22,9.32
"CTT - Correios de Portugal, SA",2018-06-21,9.27
"CTT - Correios de Portugal, SA",2018-06-20,9.25
"CTT - Correios de Portugal, SA",2018-06-19,9.34
"CTT - Correios de Portugal, SA",2018-06-18,9.52
"CTT - Correios de Portugal, SA",2018-06-15,9.61
"CTT - Correios de Portugal, SA",2018-06-14,9.31
"CTT - Correios de Portugal, SA",2018-06-13,9.58
"CTT - Correios de Portugal, SA",2018-06-12,9.61
"CTT - Correios de Portugal, SA",2018-06-11,9.68
"CTT - Correios de Portugal, SA",2018-06-08,9.87
"CTT - Correios de Portugal, SA",2018-06-07,9.99
"CTT - Correios de Portugal, SA",2018-06-06,9.93
"CTT - Correios de Portugal, SA",2018-05-31,9.41
"CTT - Correios de Portugal, SA",2018-05-30,9.46
"CTT - Correios de Portugal, SA",2018-05-29,9.26
"CTT - Correios de Portugal, SA",2018-05-28,9.37
"CTT - Correios de Portugal, SA",2018-05-25,9.38
"CTT - Correios de Portugal, SA",2018-05-24,9.28
"CTT - Correios de Portugal, SA",2018-05-23,9.22
"CTT - Correios de Portugal, SA",2018-05-22,9.17
"CTT - Correios de Portugal, SA",2018-05-21,9.16
"CTT - Correios de Portugal, SA",2018-05-18,9.57
"CTT - Correios de Portugal, SA",2018-05-17,9.44
"CTT - Correios de Portugal, SA",2018-05-16,9.35
"CTT - Correios de Portugal, SA",2018-05-15,8.89
"CTT - Correios de Portugal, SA",2018-05-14,8.25
"CTT - Correios de Portugal, SA",2018-05-11,8.15
"CTT - Correios de Portugal, SA",2018-05-10,8.04
"CTT - Correios de Portugal, SA",2018-05-09,8.18
"CTT - Correios de Portugal, SA",2018-05-08,8.31
"CTT - Correios de Portugal, SA",2018-05-07,8.38
"CTT - Correios de Portugal, SA",2018-05-04,8.26
"CTT - Correios de Portugal, SA",2018-05-03,8.34
"CTT - Correios de Portugal, SA",2018-04-30,8.29
"CTT - Correios de Portugal, SA",2018-04-26,8.19
"CTT - Correios de Portugal, SA",2018-04-23,8.1
"CTT - Correios de Portugal, SA",2018-04-20,8.22
"CTT - Correios de Portugal, SA",2018-04-18,8.13
"CTT - Correios de Portugal, SA",2018-04-17,8.25
"CTT - Correios de Portugal, SA",2018-04-16,7.88
"CTT - Correios de Portugal, SA",2018-04-11,7.46
"CTT - Correios de Portugal, SA",2018-04-09,7.54
"CTT - Correios de Portugal, SA",2018-04-05,7.6
"CTT - Correios de Portugal, SA",2018-04-04,7.5
"CTT - Correios de Portugal, SA",2018-04-03,7.4
"CTT - Correios de Portugal, SA",2018-03-28,7.34
"CTT - Correios de Portugal, SA",2018-03-27,7.24
"CTT - Correios de Portugal, SA",2018-03-23,7.13
"CTT - Correios de Portugal, SA",2018-03-22,7.04
"CTT - Correios de Portugal, SA",2018-03-21,6.97
"CTT - Correios de Portugal, SA",2018-03-20,6.92
"CTT - Correios de Portugal, SA",2018-03-19,6.84
"CTT - Correios de Portugal, SA",2018-03-14,6.65
"CTT - Correios de Portugal, SA",2018-03-13,6.55
"CTT - Correios de Portugal, SA",2018-03-12,6.46
"CTT - Correios de Portugal, SA",2018-03-09,6.34
"CTT - Correios de Portugal, SA",2018-03-07,6.4
"CTT - Correios de Portugal, SA",2018-03-06,6.11
"CTT - Correios de Portugal, SA",2018-03-02,6.07
"CTT - Correios de Portugal, SA",2018-03-01,6.05
"CTT - Correios de Portugal, SA",2018-02-28,6.16
"CTT - Correios de Portugal, SA",2018-02-22,6.2
"CTT - Correios de Portugal, SA",2018-02-21,6.3
"CTT - Correios de Portugal, SA",2018-02-20,6.84
"CTT - Correios de Portugal, SA",2018-02-19,7
"CTT - Correios de Portugal, SA",2018-02-16,7.03
"CTT - Correios de Portugal, SA",2018-02-14,7.6
"CTT - Correios de Portugal, SA",2018-02-13,7.71
"CTT - Correios de Portugal, SA",2018-02-12,7.7
"CTT - Correios de Portugal, SA",2018-02-09,7.82
"CTT - Correios de Portugal, SA",2018-02-07,7.42
"CTT - Correios de Portugal, SA",2018-02-06,6.74
"CTT - Correios de Portugal, SA",2018-02-05,6.88
"CTT - Correios de Portugal, SA",2018-02-02,7.39
"CTT - Correios de Portugal, SA",2018-02-01,7.45
"CTT - Correios de Portugal, SA",2018-01-29,7.68
"CTT - Correios de Portugal, SA",2018-01-25,7.71
"CTT - Correios de Portugal, SA",2018-01-23,7.73
"CTT - Correios de Portugal, SA",2018-01-22,7.7
"CTT - Correios de Portugal, SA",2018-01-19,7.63
"CTT - Correios de Portugal, SA",2018-01-18,8.03
"CTT - Correios de Portugal, SA",2018-01-17,8.17
"CTT - Correios de Portugal, SA",2018-01-16,7.64
"CTT - Correios de Portugal, SA",2018-01-15,7.58
"CTT - Correios de Portugal, SA",2018-01-12,7.5
"CTT - Correios de Portugal, SA",2018-01-09,7.33
"CTT - Correios de Portugal, SA",2018-01-04,6.75
"CTT - Correios de Portugal, SA",2018-01-02,6.83
"CTT - Correios de Portugal, SA",2017-12-29,6.73
"CTT - Correios de Portugal, SA",2017-12-27,7.09
"CTT - Correios de Portugal, SA",2017-12-22,7.23
"CTT - Correios de Portugal, SA",2017-12-21,7.21
"CTT - Correios de Portugal, SA",2017-12-20,6.82
"CTT - Correios de Portugal, SA",2017-12-19,6.57
"CTT - Correios de Portugal, SA",2017-12-14,6.07
"CTT - Correios de Portugal, SA",2017-12-12,5.94
"CTT - Correios de Portugal, SA",2017-12-11,5.78
"CTT - Correios de Portugal, SA",2017-12-08,5.14
"CTT - Correios de Portugal, SA",2017-12-06,5.61
"CTT - Correios de Portugal, SA",2017-12-05,5.83
"CTT - Correios de Portugal, SA",2017-12-04,6.06
"CTT - Correios de Portugal, SA",2017-12-01,5.95
"CTT - Correios de Portugal, SA",2017-11-28,5.99
"CTT - Correios de Portugal, SA",2017-11-27,5.88
"CTT - Correios de Portugal, SA",2017-11-24,6.24
"CTT - Correios de Portugal, SA",2017-11-23,6.32
"CTT - Correios de Portugal, SA",2017-11-22,5.78
"CTT - Correios de Portugal, SA",2017-11-21,5.75
"CTT - Correios de Portugal, SA",2017-11-16,5.43
"CTT - Correios de Portugal, SA",2017-11-14,5.14
"CTT - Correios de Portugal, SA",2017-11-13,5.06
"CTT - Correios de Portugal, SA",2017-11-10,4.94
"CTT - Correios de Portugal, SA",2017-11-09,4.83
"CTT - Correios de Portugal, SA",2017-11-07,4.76
"CTT - Correios de Portugal, SA",2017-11-06,4.82
"CTT - Correios de Portugal, SA",2017-11-03,4.74
"CTT - Correios de Portugal, SA",2017-11-01,4.57
"CTT - Correios de Portugal, SA",2017-10-30,3.56
"CTT - Correios de Portugal, SA",2017-10-23,3.58
"CTT - Correios de Portugal, SA",2017-10-16,3.69
"CTT - Correios de Portugal, SA",2017-10-12,3.63
"CTT - Correios de Portugal, SA",2017-10-05,3.61
"CTT - Correios de Portugal, SA",2017-09-29,3.08
"CTT - Correios de Portugal, SA",2017-09-25,3.09
"CTT - Correios de Portugal, SA",2017-09-18,3.19
"CTT - Correios de Portugal, SA",2017-08-29,3.12
"CTT - Correios de Portugal, SA",2017-08-11,3.22
"CTT - Correios de Portugal, SA",2017-08-03,3.24
"CTT - Correios de Portugal, SA",2017-08-01,3.23
"CTT - Correios de Portugal, SA",2017-07-25,3.3
"CTT - Correios de Portugal, SA",2017-06-26,3.19
"CTT - Correios de Portugal, SA",2017-06-13,3.1
"CTT - Correios de Portugal, SA",2017-05-25,3.05
"CTT - Correios de Portugal, SA",2017-05-18,2.99
"CTT - Correios de Portugal, SA",2017-04-27,2.89
"CTT - Correios de Portugal, SA",2017-04-21,2.8
"CTT - Correios de Portugal, SA",2017-04-13,2.67
"CTT - Correios de Portugal, SA",2017-04-11,2.57
"CTT - Correios de Portugal, SA",2017-04-06,2.48
"CTT - Correios de Portugal, SA",2017-04-05,2.24
"CTT - Correios de Portugal, SA",2017-04-04,2.16
"CTT - Correios de Portugal, SA",2017-03-31,1.94
"CTT - Correios de Portugal, SA",2017-03-29,1.85
"CTT - Correios de Portugal, SA",2017-03-27,1.75
"CTT - Correios de Portugal, SA",2017-03-23,1.23
"CTT - Correios de Portugal, SA",2017-03-21,1.17
"CTT - Correios de Portugal, SA",2017-03-10,0.63
"CTT - Correios de Portugal, SA",2017-03-09,0.57
"CTT - Correios de Portugal, SA",2017-03-02,0.65
"CTT - Correios de Portugal, SA",2017-01-19,0.51
"CTT - Correios de Portugal, SA",2016-11-25,0.33
"CTT - Correios de Portugal, SA",2016-06-24,0.38
"CTT - Correios de Portugal, SA",2016-06-03,0.52
"CTT - Correios de Portugal, SA",2015-12-30,0.48
"CTT - Correios de Portugal, SA",2015-12-23,0.57
"CTT - Correios de Portugal, SA",2015-12-22,0.6
"CTT - Correios de Portugal, SA",2015-12-14,0.58
"CTT - Correios de Portugal, SA",2015-12-04,0.6
"CTT - Correios de Portugal, SA",2015-12-03,0.53
"CTT - Correios de Portugal, SA",2014-08-22,0.38
"CTT - Correios de Portugal, SA",2014-08-06,0.53
"EDP - Energias de Portugal, S.A.",2022-07-20,0.49
"EDP - Energias de Portugal, S.A.",2022-07-19,0.5
"EDP - Energias de Portugal, S.A.",2022-07-18,0.49
"EDP - Energias de Portugal, S.A.",2022-06-22,0.5
"EDP - Energias de Portugal, S.A.",2021-10-20,0.49
"EDP - Energias de Portugal, S.A.",2021-10-11,0.5
"EDP - Energias de Portugal, S.A.",2018-04-13,0.48
"EDP - Energias de Portugal, S.A.",2018-04-06,0.59
"EDP - Energias de Portugal, S.A.",2018-03-29,0.69
"EDP - Energias de Portugal, S.A.",2018-03-08,0.72
"EDP - Energias de Portugal, S.A.",2018-03-02,0.67
"EDP - Energias de Portugal, S.A.",2017-12-04,0.79
"EDP - Energias de Portugal, S.A.",2017-12-01,1.28
"EDP - Energias de Portugal, S.A.",2017-11-20,1.29
"EDP - Energias de Portugal, S.A.",2017-11-17,1.3
"EDP - Energias de Portugal, S.A.",2017-11-16,1.28
"EDP - Energias de Portugal, S.A.",2017-10-26,0.78
"EDP - Energias de Portugal, S.A.",2017-10-16,0.8
"EDP - Energias de Portugal, S.A.",2017-10-03,0.7
"EDP - Energias de Portugal, S.A.",2017-09-27,0.6
"EDP - Energias de Portugal, S.A.",2017-09-14,0.5
"EDP - Energias de Portugal, S.A.",2017-05-18,0.49
"EDP - Energias de Portugal, S.A.",2017-05-15,0.5
"EDP - Energias de Portugal, S.A.",2017-03-01,0.49
"EDP - Energias de Portugal, S.A.",2017-02-27,0.5
"EDP - Energias de Portugal, S.A.",2016-03-08,0.49
"EDP - Energias de Portugal, S.A.",2016-03-04,0.52
"EDP - Energias de Portugal, S.A.",2016-03-03,0.49
"EDP - Energias de Portugal, S.A.",2016-02-19,0.51
"EDP - Energias de Portugal, S.A.",2016-02-17,0.48
"EDP - Energias de Portugal, S.A.",2016-02-15,0.52
"EDP - Energias de Portugal, S.A.",2016-02-12,0.48
"EDP - Energias de Portugal, S.A.",2016-01-20,0.5
"EDP - Energias de Portugal, S.A.",2016-01-14,0.49
"EDP - Energias de Portugal, S.A.",2016-01-07,0.5
"EDP - Energias de Portugal, S.A.",2014-10-17,0.46
"EDP - Energias de Portugal, S.A.",2014-10-16,0.51
"EDP - Energias de Portugal, S.A.",2014-10-15,0.67
"EDP - Energias de Portugal, S.A.",2014-09-18,0.7
"EDP - Energias de Portugal, S.A.",2014-09-12,0.69
"EDP - Energias de Portugal, S.A.",2014-08-19,0.71
"EDP - Energias de Portugal, S.A.",2014-08-18,0.69
"EDP - Energias de Portugal, S.A.",2014-06-04,0.7
"EDP - Energias de Portugal, S.A.",2014-06-02,0.69
"EDP - Energias de Portugal, S.A.",2014-04-14,0.7
"EDP - Energias de Portugal, S.A.",2014-04-10,0.69
"EDP - Energias de Portugal, S.A.",2014-04-08,0.58
"EDP - Energias de Portugal, S.A.",2014-04-04,0.6
"EDP - Energias de Portugal, S.A.",2014-04-02,0.7
"EDP - Energias de Portugal, S.A.",2014-03-28,0.6
"EDP - Energias de Portugal, S.A.",2014-03-26,0.73
"EDP - Energias de Portugal, S.A.",2014-03-21,1.31
"EDP - Energias de Portugal, S.A.",2014-03-17,1.23
"EDP - Energias de Portugal, S.A.",2014-03-10,1.3
"EDP - Energias de Portugal, S.A.",2014-02-14,1.21
"EDP - Energias de Portugal, S.A.",2014-01-27,0.67
"EDP - Energias de Portugal, S.A.",2014-01-20,0.81
"EDP - Energias de Portugal, S.A.",2014-01-17,2.01
"EDP - Energias de Portugal, S.A.",2014-01-08,0.81
"EDP - Energias de Portugal, S.A.",2014-01-06,0.71
"EDP - Energias de Portugal, S.A.",2013-12-12,0.69
"EDP - Energias de Portugal, S.A.",2013-11-12,0.7
"EDP - Energias de Portugal, S.A.",2013-11-08,0.69
"EDP - Energias de Portugal, S.A.",2013-11-04,0.7
"EDP - Energias de Portugal, S.A.",2013-10-18,0.6
"EDP - Energias de Portugal, S.A.",2013-10-16,0.53
"EDP - Energias de Portugal, S.A.",2013-10-07,0.49
"EDP - Energias de Portugal, S.A.",2013-10-04,0.51
"EDP - Energias de Portugal, S.A.",2013-09-20,0.64
"EDP - Energias de Portugal, S.A.",2013-08-15,0.5
"Galp Energia, SGPS, SA",2023-04-17,0.58
"Galp Energia, SGPS, SA",2023-04-14,0.6
"Galp Energia, SGPS, SA",2023-04-12,0.59
"Galp Energia, SGPS, SA",2023-04-04,0.62
"Galp Energia, SGPS, SA",2023-03-30,0.56
"Galp Energia, SGPS, SA",2023-03-15,0.6
"Galp Energia, SGPS, SA",2023-02-14,0.52
"Galp Energia, SGPS, SA",2023-02-10,0.48
"Galp Energia, SGPS, SA",2023-01-23,0.59
"Galp Energia, SGPS, SA",2023-01-09,0.6
"Galp Energia, SGPS, SA",2022-12-07,0.59
"Galp Energia, SGPS, SA",2022-12-06,0.6
"Galp Energia, SGPS, SA",2022-12-05,0.59
"Galp Energia, SGPS, SA",2022-11-29,0.6
"Galp Energia, SGPS, SA",2022-11-11,0.59
"Galp Energia, SGPS, SA",2022-11-07,0.67
"Galp Energia, SGPS, SA",2022-10-27,0.77
"Galp Energia, SGPS, SA",2022-10-13,0.81
"Galp Energia, SGPS, SA",2022-10-11,1.2
"Galp Energia, SGPS, SA",2022-10-10,1.41
"Galp Energia, SGPS, SA",2022-10-04,1.49
"Galp Energia, SGPS, SA",2022-09-20,1.53
"Galp Energia, SGPS, SA",2022-09-19,1.52
"Galp Energia, SGPS, SA",2022-09-12,1.58
"Galp Energia, SGPS, SA",2022-09-08,1.71
"Galp Energia, SGPS, SA",2022-08-31,1.67
"Galp Energia, SGPS, SA",2022-08-29,2.14
"Galp Energia, SGPS, SA",2022-08-17,2.19
"Galp Energia, SGPS, SA",2022-08-01,1.67
"Galp Energia, SGPS, SA",2022-07-28,1.75
"Galp Energia, SGPS, SA",2022-07-27,1.62
"Galp Energia, SGPS, SA",2022-07-21,1.52
"Galp Energia, SGPS, SA",2022-07-08,1.42
"Galp Energia, SGPS, SA",2022-07-07,1.4
"Galp Energia, SGPS, SA",2022-07-06,1.41
"Galp Energia, SGPS, SA",2022-07-05,1.33
"Galp Energia, SGPS, SA",2022-06-30,0.79
"Galp Energia, SGPS, SA",2022-05-31,0.83
"Galp Energia, SGPS, SA",2022-05-30,0.79
"Galp Energia, SGPS, SA",2022-05-23,0.89
"Galp Energia, SGPS, SA",2022-05-20,0.9
"Galp Energia, SGPS, SA",2022-05-18,0.89
"Galp Energia, SGPS, SA",2022-05-12,0.9
"Galp Energia, SGPS, SA",2022-05-09,0.83
"Galp Energia, SGPS, SA",2022-05-06,0.79
"Galp Energia, SGPS, SA",2022-05-03,0.81
"Galp Energia, SGPS, SA",2022-04-14,0.7
"Galp Energia, SGPS, SA",2022-04-04,0.6
"Galp Energia, SGPS, SA",2022-04-01,0.59
"Galp Energia, SGPS, SA",2022-03-31,0.6
"Galp Energia, SGPS, SA",2022-03-30,0.59
"Galp Energia, SGPS, SA",2022-03-29,0.6
"Galp Energia, SGPS, SA",2022-03-07,0.53
"Galp Energia, SGPS, SA",2022-02-24,0.48
"Galp Energia, SGPS, SA",2022-02-23,0.51
"Galp Energia, SGPS, SA",2020-10-28,0.42
"Galp Energia, SGPS, SA",2020-10-27,0.51
"GREENVOLT - Energias Renováveis, S.A.",2023-04-25,1.48
"GREENVOLT - Energias Renováveis, S.A.",2023-04-18,1.51
"GREENVOLT - Energias Renováveis, S.A.",2023-04-03,1.4
"GREENVOLT - Energias Renováveis, S.A.",2023-03-07,0.9
"GREENVOLT - Energias Renováveis, S.A.",2023-03-02,0.84
"GREENVOLT - Energias Renováveis, S.A.",2023-02-27,0.72
"GREENVOLT - Energias Renováveis, S.A.",2023-02-17,0.61
"GREENVOLT - Energias Renováveis, S.A.",2023-02-15,0.98
"GREENVOLT - Energias Renováveis, S.A.",2023-02-14,1.01
"GREENVOLT - Energias Renováveis, S.A.",2023-02-03,0.51
"Jerónimo Martins - SGPS, SA",2021-01-04,0.48
"Jerónimo Martins - SGPS, SA",2020-12-16,0.5
"Jerónimo Martins - SGPS, SA",2020-12-01,0.49
"Jerónimo Martins - SGPS, SA",2020-10-16,0.5
"Jerónimo Martins - SGPS, SA",2020-09-04,0.49
"Jerónimo Martins - SGPS, SA",2020-08-18,0.59
"Jerónimo Martins - SGPS, SA",2020-07-31,0.69
"Jerónimo Martins - SGPS, SA",2020-07-14,0.7
"Jerónimo Martins - SGPS, SA",2020-07-07,0.6
"Jerónimo Martins - SGPS, SA",2020-06-29,0.5
"Jerónimo Martins - SGPS, SA",2019-06-19,0.49
"Jerónimo Martins - SGPS, SA",2019-05-28,0.5
"Jerónimo Martins - SGPS, SA",2019-03-25,0.33
"Jerónimo Martins - SGPS, SA",2019-03-21,0.57
"Jerónimo Martins - SGPS, SA",2019-02-28,0.62
"Jerónimo Martins - SGPS, SA",2019-02-25,0.59
"Jerónimo Martins - SGPS, SA",2019-01-18,0.61
"Jerónimo Martins - SGPS, SA",2018-12-12,0.59
"Jerónimo Martins - SGPS, SA",2018-12-03,0.62
"Jerónimo Martins - SGPS, SA",2018-11-26,0.57
"Jerónimo Martins - SGPS, SA",2018-11-23,0.6
"Jerónimo Martins - SGPS, SA",2018-11-07,0.5
"Jerónimo Martins - SGPS, SA",2017-04-18,0.34
"Jerónimo Martins - SGPS, SA",2017-03-29,0.58
"Jerónimo Martins - SGPS, SA",2017-03-08,0.6
"Jerónimo Martins - SGPS, SA",2017-02-09,0.5
"Jerónimo Martins - SGPS, SA",2017-02-07,0.49
"Jerónimo Martins - SGPS, SA",2017-01-03,0.55
"Jerónimo Martins - SGPS, SA",2016-12-09,0.7
"Jerónimo Martins - SGPS, SA",2016-11-17,0.6
"Jerónimo Martins - SGPS, SA",2016-10-21,0.5
"Jerónimo Martins - SGPS, SA",2016-09-07,0.49
"Jerónimo Martins - SGPS, SA",2016-09-02,0.5
"Jerónimo Martins - SGPS, SA",2016-08-31,0.39
"Jerónimo Martins - SGPS, SA",2016-04-19,0.49
"Jerónimo Martins - SGPS, SA",2016-02-18,0.51
"Jerónimo Martins - SGPS, SA",2015-08-28,0.54
"Jerónimo Martins - SGPS, SA",2015-03-06,0.6
"Jerónimo Martins - SGPS, SA",2015-02-23,0.5
"Mota-Engil, SGPS, SA",2020-11-30,0.49
"Mota-Engil, SGPS, SA",2020-11-26,0.59
"Mota-Engil, SGPS, SA",2020-11-20,0.67
"Mota-Engil, SGPS, SA",2020-11-17,0.77
"Mota-Engil, SGPS, SA",2020-11-12,0.89
"Mota-Engil, SGPS, SA",2020-11-10,0.97
"Mota-Engil, SGPS, SA",2020-11-09,1.04
"Mota-Engil, SGPS, SA",2020-11-04,1.16
"Mota-Engil, SGPS, SA",2020-10-30,1.28
"Mota-Engil, SGPS, SA",2020-10-26,1.32
"Mota-Engil, SGPS, SA",2020-10-21,1.22
"Mota-Engil, SGPS, SA",2020-10-19,1.13
"Mota-Engil, SGPS, SA",2020-10-15,1.01
"Mota-Engil, SGPS, SA",2020-10-13,0.94
"Mota-Engil, SGPS, SA",2020-09-25,0.81
"Mota-Engil, SGPS, SA",2020-09-22,0.73
"Mota-Engil, SGPS, SA",2020-09-16,0.6
"Mota-Engil, SGPS, SA",2020-09-04,0.5
"Mota-Engil, SGPS, SA",2020-07-07,0.49
"Mota-Engil, SGPS, SA",2020-06-26,0.59
"Mota-Engil, SGPS, SA",2020-06-10,0.6
"Mota-Engil, SGPS, SA",2020-06-01,0.51
"Mota-Engil, SGPS, SA",2020-05-08,0.48
"Mota-Engil, SGPS, SA",2020-05-07,0.98
"Mota-Engil, SGPS, SA",2020-05-06,0.48
"Mota-Engil, SGPS, SA",2020-04-28,0.54
"Mota-Engil, SGPS, SA",2019-02-04,0.47
"Mota-Engil, SGPS, SA",2018-11-22,0.58
"Mota-Engil, SGPS, SA",2018-06-01,0.47
"Mota-Engil, SGPS, SA",2018-05-25,0.5
"Mota-Engil, SGPS, SA",2018-04-25,0.49
"Mota-Engil, SGPS, SA",2018-04-18,0.5
"Mota-Engil, SGPS, SA",2018-01-25,0.49
"Mota-Engil, SGPS, SA",2018-01-04,0.59
"Mota-Engil, SGPS, SA",2018-01-03,1.01
"Mota-Engil, SGPS, SA",2017-12-27,1.14
"Mota-Engil, SGPS, SA",2017-12-13,1.15
"Mota-Engil, SGPS, SA",2017-11-24,1.05
"Mota-Engil, SGPS, SA",2017-11-23,0.55
"Mota-Engil, SGPS, SA",2017-11-21,1.04
"Mota-Engil, SGPS, SA",2017-11-16,1.13
"Mota-Engil, SGPS, SA",2017-11-09,1.18
"Mota-Engil, SGPS, SA",2017-11-02,1.29
"Mota-Engil, SGPS, SA",2017-10-24,1.3
"Mota-Engil, SGPS, SA",2017-10-04,1.21
"Mota-Engil, SGPS, SA",2017-10-03,1.14
"Mota-Engil, SGPS, SA",2017-09-07,0.6
"Mota-Engil, SGPS, SA",2017-08-11,0.51
"Mota-Engil, SGPS, SA",2017-08-02,1
"Mota-Engil, SGPS, SA",2017-07-18,1.01
"Mota-Engil, SGPS, SA",2017-05-11,0.51
"Mota-Engil, SGPS, SA",2017-05-08,0.96
"Mota-Engil, SGPS, SA",2017-05-03,1.1
"Mota-Engil, SGPS, SA",2017-04-25,1.2
"Mota-Engil, SGPS, SA",2017-04-19,1.28
"Mota-Engil, SGPS, SA",2017-04-13,1.4
"Mota-Engil, SGPS, SA",2017-04-12,1.47
"Mota-Engil, SGPS, SA",2016-09-20,1.54
"Mota-Engil, SGPS, SA",2016-08-31,2.02
"Mota-Engil, SGPS, SA",2016-08-18,2.13
"Mota-Engil, SGPS, SA",2016-08-08,2.22
"Mota-Engil, SGPS, SA",2016-08-02,2.32
"Mota-Engil, SGPS, SA",2016-07-15,2.42
"Mota-Engil, SGPS, SA",2016-07-14,2.53
"Mota-Engil, SGPS, SA",2016-07-11,2.42
"Mota-Engil, SGPS, SA",2016-07-08,1.91
"Mota-Engil, SGPS, SA",2016-06-30,1.82
"Mota-Engil, SGPS, SA",2016-06-21,1.9
"Mota-Engil, SGPS, SA",2016-04-01,2.02
"Mota-Engil, SGPS, SA",2016-01-04,2.03
"Mota-Engil, SGPS, SA",2015-12-22,2.31
"Mota-Engil, SGPS, SA",2015-11-24,2.21
"Mota-Engil, SGPS, SA",2015-11-11,2.2
"Mota-Engil, SGPS, SA",2015-10-28,2.13
"Mota-Engil, SGPS, SA",2015-10-26,2.23
"Mota-Engil, SGPS, SA",2015-10-12,2.1
"Mota-Engil, SGPS, SA",2015-10-08,2.18
"Mota-Engil, SGPS, SA",2015-10-02,2.21
"Mota-Engil, SGPS, SA",2015-09-30,2.13
"Mota-Engil, SGPS, SA",2015-09-15,2.01
"Mota-Engil, SGPS, SA",2015-08-27,1.91
"Mota-Engil, SGPS, SA",2015-08-26,1.76
"Mota-Engil, SGPS, SA",2015-08-21,1.63
"Mota-Engil, SGPS, SA",2015-08-10,1.11
"Mota-Engil, SGPS, SA",2015-07-15,1.08
"Mota-Engil, SGPS, SA",2015-06-16,1.11
"Mota-Engil, SGPS, SA",2015-06-09,1.02
"Mota-Engil, SGPS, SA",2015-06-02,0.91
"Mota-Engil, SGPS, SA",2015-05-29,0.81
"Mota-Engil, SGPS, SA",2015-05-21,0.72
"Mota-Engil, SGPS, SA",2015-03-17,0.6
"Mota-Engil, SGPS, SA",2015-03-03,0.5
"NOS, SGPS, S.A.",2023-04-19,0.6
"NOS, SGPS, S.A.",2021-05-11,0.57
"NOS, SGPS, S.A.",2021-04-07,1.05
"NOS, SGPS, S.A.",2021-03-17,1.07
"NOS, SGPS, S.A.",2021-01-26,0.57
"NOS, SGPS, S.A.",2021-01-12,1.06
"NOS, SGPS, S.A.",2020-12-14,1.07
"NOS, SGPS, S.A.",2020-10-05,0.57
"NOS, SGPS, S.A.",2020-10-02,1.06
"NOS, SGPS, S.A.",2020-09-24,1.15
"NOS, SGPS, S.A.",2020-09-22,1.24
"NOS, SGPS, S.A.",2020-09-18,1.33
"NOS, SGPS, S.A.",2020-09-03,1.45
"NOS, SGPS, S.A.",2020-08-25,1.55
"NOS, SGPS, S.A.",2020-08-11,1.65
"NOS, SGPS, S.A.",2020-08-07,1.66
"NOS, SGPS, S.A.",2020-07-30,1.64
"NOS, SGPS, S.A.",2020-07-23,1.74
"NOS, SGPS, S.A.",2020-07-03,1.85
"NOS, SGPS, S.A.",2020-06-30,1.86
"NOS, SGPS, S.A.",2020-06-22,1.9
"NOS, SGPS, S.A.",2020-06-16,1.83
"NOS, SGPS, S.A.",2020-06-10,1.71
"NOS, SGPS, S.A.",2020-06-05,1.62
"NOS, SGPS, S.A.",2020-06-02,1.51
"NOS, SGPS, S.A.",2020-05-28,1.42
"NOS, SGPS, S.A.",2020-05-14,1.31
"NOS, SGPS, S.A.",2020-05-08,1.21
"NOS, SGPS, S.A.",2020-03-31,0.7
"NOS, SGPS, S.A.",2020-03-26,1.18
"NOS, SGPS, S.A.",2020-03-23,1.29
"NOS, SGPS, S.A.",2020-02-28,1.32
"NOS, SGPS, S.A.",2020-02-21,1.2
"NOS, SGPS, S.A.",2019-05-29,0.7
"NOS, SGPS, S.A.",2018-12-17,0.61
"NOS, SGPS, S.A.",2017-11-29,0.51
"NOS, SGPS, S.A.",2013-11-05,0.74
"NOS, SGPS, S.A.",2013-11-04,0.66
"NOS, SGPS, S.A.",2013-10-30,0.57
"PHAROL, SGPS, S.A.",2018-06-11,0.49
"PHAROL, SGPS, S.A.",2018-05-02,0.51
"PHAROL, SGPS, S.A.",2017-12-21,0.47
"PHAROL, SGPS, S.A.",2017-12-20,0.5
"PHAROL, SGPS, S.A.",2017-11-29,0.6
"PHAROL, SGPS, S.A.",2017-11-16,0.51
"PHAROL, SGPS, S.A.",2017-09-18,0.46
"PHAROL, SGPS, S.A.",2017-09-15,0.63
"PHAROL, SGPS, S.A.",2017-09-14,0.78
"PHAROL, SGPS, S.A.",2017-09-13,0.82
"PHAROL, SGPS, S.A.",2017-09-06,0.99
"PHAROL, SGPS, S.A.",2017-09-04,1.08
"PHAROL, SGPS, S.A.",2017-09-01,1.57
"PHAROL, SGPS, S.A.",2017-08-15,1.67
"PHAROL, SGPS, S.A.",2017-07-27,1.78
"PHAROL, SGPS, S.A.",2017-07-20,1.74
"PHAROL, SGPS, S.A.",2017-06-26,1.84
"PHAROL, SGPS, S.A.",2017-06-02,1.85
"PHAROL, SGPS, S.A.",2017-05-25,1.76
"PHAROL, SGPS, S.A.",2017-05-18,1.15
"PHAROL, SGPS, S.A.",2017-05-15,1
"PHAROL, SGPS, S.A.",2017-05-11,0.94
"PHAROL, SGPS, S.A.",2017-05-08,0.8
"PHAROL, SGPS, S.A.",2017-05-05,0.74
"PHAROL, SGPS, S.A.",2017-05-02,0.6
"PHAROL, SGPS, S.A.",2017-04-27,0.51
"PHAROL, SGPS, S.A.",2017-02-03,0.49
"PHAROL, SGPS, S.A.",2016-12-30,0.59
"PHAROL, SGPS, S.A.",2016-12-22,0.98
"PHAROL, SGPS, S.A.",2016-12-21,1.08
"PHAROL, SGPS, S.A.",2016-10-20,1.28
"PHAROL, SGPS, S.A.",2016-09-26,1.3
"PHAROL, SGPS, S.A.",2016-09-15,1.4
"PHAROL, SGPS, S.A.",2016-09-14,1.38
"PHAROL, SGPS, S.A.",2016-09-07,1.46
"PHAROL, SGPS, S.A.",2016-09-06,1.47
"PHAROL, SGPS, S.A.",2016-08-30,1.59
"PHAROL, SGPS, S.A.",2016-08-09,1.69
"PHAROL, SGPS, S.A.",2016-06-27,1.7
"PHAROL, SGPS, S.A.",2016-06-23,1.6
"PHAROL, SGPS, S.A.",2016-06-20,1.5
"PHAROL, SGPS, S.A.",2016-06-03,1.4
"PHAROL, SGPS, S.A.",2016-06-01,1.39
"PHAROL, SGPS, S.A.",2016-05-31,1.47
"PHAROL, SGPS, S.A.",2016-05-25,1.38
"PHAROL, SGPS, S.A.",2016-05-24,1.5
"PHAROL, SGPS, S.A.",2016-04-25,1.4
"PHAROL, SGPS, S.A.",2016-04-21,0.89
"PHAROL, SGPS, S.A.",2016-03-24,0.91
"PHAROL, SGPS, S.A.",2016-03-10,0.81
"PHAROL, SGPS, S.A.",2016-03-07,0.7
"PHAROL, SGPS, S.A.",2016-03-04,1.17
"PHAROL, SGPS, S.A.",2016-03-03,0.98
"PHAROL, SGPS, S.A.",2016-03-01,1.5
"PHAROL, SGPS, S.A.",2016-02-29,1.58
"PHAROL, SGPS, S.A.",2016-02-25,2
"PHAROL, SGPS, S.A.",2016-02-23,1.09
"PHAROL, SGPS, S.A.",2016-02-18,1.17
"PHAROL, SGPS, S.A.",2016-01-13,1.2
"PHAROL, SGPS, S.A.",2015-12-31,1.16
"PHAROL, SGPS, S.A.",2015-11-10,1.22
"PHAROL, SGPS, S.A.",2015-10-22,1.17
"PHAROL, SGPS, S.A.",2015-10-12,1.28
"PHAROL, SGPS, S.A.",2015-10-07,1.38
"PHAROL, SGPS, S.A.",2015-10-01,1.48
"PHAROL, SGPS, S.A.",2015-09-30,1.5
"PHAROL, SGPS, S.A.",2015-09-17,1.49
"PHAROL, SGPS, S.A.",2015-09-10,1.58
"PHAROL, SGPS, S.A.",2015-09-07,1.62
"PHAROL, SGPS, S.A.",2015-08-21,1.5
"PHAROL, SGPS, S.A.",2015-08-20,1.49
"PHAROL, SGPS, S.A.",2015-08-19,1.53
"PHAROL, SGPS, S.A.",2015-08-14,1.47
"PHAROL, SGPS, S.A.",2015-08-13,1.5
"PHAROL, SGPS, S.A.",2015-08-11,1.41
"PHAROL, SGPS, S.A.",2015-08-06,1.32
"PHAROL, SGPS, S.A.",2015-08-03,1.21
"PHAROL, SGPS, S.A.",2015-07-31,1.11
"PHAROL, SGPS, S.A.",2015-07-28,1.57
"PHAROL, SGPS, S.A.",2015-07-24,1.53
"PHAROL, SGPS, S.A.",2015-07-20,1.43
"PHAROL, SGPS, S.A.",2015-07-15,1.34
"PHAROL, SGPS, S.A.",2015-07-09,1.23
"PHAROL, SGPS, S.A.",2015-07-06,1.12
"PHAROL, SGPS, S.A.",2015-07-01,0.5
"PHAROL, SGPS, S.A.",2015-06-19,0.67
"PHAROL, SGPS, S.A.",2015-06-18,1.19
"PHAROL, SGPS, S.A.",2015-06-17,1.38
"PHAROL, SGPS, S.A.",2015-06-16,1.63
"PHAROL, SGPS, S.A.",2015-06-15,1.81
"PHAROL, SGPS, S.A.",2015-06-12,2.09
"PHAROL, SGPS, S.A.",2015-06-04,2.21
"PHAROL, SGPS, S.A.",2015-06-01,2.38
"PHAROL, SGPS, S.A.",2015-05-29,2.73
"PHAROL, SGPS, S.A.",2015-05-27,2.97
"PHAROL, SGPS, S.A.",2015-05-26,3.02
"PHAROL, SGPS, S.A.",2015-05-22,3.17
"PHAROL, SGPS, S.A.",2015-05-21,3.3
"PHAROL, SGPS, S.A.",2015-05-20,3.45
"PHAROL, SGPS, S.A.",2015-05-19,3.62
"PHAROL, SGPS, S.A.",2015-05-18,3.95
"PHAROL, SGPS, S.A.",2015-05-15,4.09
"PHAROL, SGPS, S.A.",2015-05-14,4.74
"PHAROL, SGPS, S.A.",2015-05-13,4.96
"PHAROL, SGPS, S.A.",2015-05-12,5.28
"PHAROL, SGPS, S.A.",2015-05-11,5.34
"PHAROL, SGPS, S.A.",2015-04-30,5.49
"PHAROL, SGPS, S.A.",2015-04-29,4.97
"PHAROL, SGPS, S.A.",2015-04-28,5.03
"PHAROL, SGPS, S.A.",2015-04-24,5.1
"PHAROL, SGPS, S.A.",2015-04-23,5.69
"PHAROL, SGPS, S.A.",2015-04-22,5.74
"PHAROL, SGPS, S.A.",2015-04-20,5.97
"PHAROL, SGPS, S.A.",2015-04-17,6
"PHAROL, SGPS, S.A.",2015-04-16,6.14
"PHAROL, SGPS, S.A.",2015-03-18,6.23
"PHAROL, SGPS, S.A.",2015-03-17,6.3
"PHAROL, SGPS, S.A.",2015-03-06,6.82
"PHAROL, SGPS, S.A.",2015-02-19,6.93
"PHAROL, SGPS, S.A.",2015-02-10,7.07
"PHAROL, SGPS, S.A.",2015-02-09,7.04
"PHAROL, SGPS, S.A.",2015-02-06,6.95
"PHAROL, SGPS, S.A.",2015-02-04,6.69
"PHAROL, SGPS, S.A.",2015-02-03,6.64
"PHAROL, SGPS, S.A.",2015-01-30,6.38
"PHAROL, SGPS, S.A.",2015-01-29,6.2
"PHAROL, SGPS, S.A.",2015-01-28,6.24
"PHAROL, SGPS, S.A.",2015-01-27,6.15
"PHAROL, SGPS, S.A.",2015-01-26,5.9
"PHAROL, SGPS, S.A.",2015-01-23,5.73
"PHAROL, SGPS, S.A.",2015-01-19,4.58
"PHAROL, SGPS, S.A.",2015-01-16,4.34
"PHAROL, SGPS, S.A.",2015-01-07,3.77
"PHAROL, SGPS, S.A.",2015-01-06,3.79
"PHAROL, SGPS, S.A.",2015-01-05,3.7
"PHAROL, SGPS, S.A.",2014-12-18,3.29
"PHAROL, SGPS, S.A.",2014-12-17,2.75
"PHAROL, SGPS, S.A.",2014-12-16,2.86
"PHAROL, SGPS, S.A.",2014-12-15,2.95
"PHAROL, SGPS, S.A.",2014-12-05,3.09
"PHAROL, SGPS, S.A.",2014-12-03,3.46
"PHAROL, SGPS, S.A.",2014-12-01,3.62
"PHAROL, SGPS, S.A.",2014-11-27,3.71
"PHAROL, SGPS, S.A.",2014-11-26,3.91
"PHAROL, SGPS, S.A.",2014-11-25,4.69
"PHAROL, SGPS, S.A.",2014-11-24,5.62
"PHAROL, SGPS, S.A.",2014-11-18,5.75
"PHAROL, SGPS, S.A.",2014-11-17,5.8
"PHAROL, SGPS, S.A.",2014-11-14,5.2
"PHAROL, SGPS, S.A.",2014-11-13,5.06
"PHAROL, SGPS, S.A.",2014-11-12,4.87
"PHAROL, SGPS, S.A.",2014-11-11,4.73
"PHAROL, SGPS, S.A.",2014-11-10,4.48
"PHAROL, SGPS, S.A.",2014-11-06,4.34
"PHAROL, SGPS, S.A.",2014-11-04,4.2
"PHAROL, SGPS, S.A.",2014-10-31,4.09
"PHAROL, SGPS, S.A.",2014-10-29,4.47
"PHAROL, SGPS, S.A.",2014-10-22,4.63
"PHAROL, SGPS, S.A.",2014-10-21,4.85
"PHAROL, SGPS, S.A.",2014-10-20,5.52
"PHAROL, SGPS, S.A.",2014-10-15,4.98
"PHAROL, SGPS, S.A.",2014-10-14,5.42
"PHAROL, SGPS, S.A.",2014-10-13,5.51
"PHAROL, SGPS, S.A.",2014-10-10,5.74
"PHAROL, SGPS, S.A.",2014-10-08,5.88
"PHAROL, SGPS, S.A.",2014-10-06,5.78
"PHAROL, SGPS, S.A.",2014-10-03,5.74
"PHAROL, SGPS, S.A.",2014-10-02,5.55
"PHAROL, SGPS, S.A.",2014-09-30,5.37
"PHAROL, SGPS, S.A.",2014-09-25,5.12
"PHAROL, SGPS, S.A.",2014-09-24,5.86
"PHAROL, SGPS, S.A.",2014-09-23,5.96
"PHAROL, SGPS, S.A.",2014-09-22,5.98
"PHAROL, SGPS, S.A.",2014-09-16,5.47
"PHAROL, SGPS, S.A.",2014-09-15,5.62
"PHAROL, SGPS, S.A.",2014-09-11,5.76
"PHAROL, SGPS, S.A.",2014-09-10,5.66
"PHAROL, SGPS, S.A.",2014-09-08,5.56
"PHAROL, SGPS, S.A.",2014-09-05,5.43
"PHAROL, SGPS, S.A.",2014-08-28,5.17
"PHAROL, SGPS, S.A.",2014-08-04,5.09
"PHAROL, SGPS, S.A.",2014-08-01,5.57
"PHAROL, SGPS, S.A.",2014-07-31,5.91
"PHAROL, SGPS, S.A.",2014-07-30,6.19
"PHAROL, SGPS, S.A.",2014-07-29,6.29
"PHAROL, SGPS, S.A.",2014-07-28,6.46
"PHAROL, SGPS, S.A.",2014-07-25,6.23
"PHAROL, SGPS, S.A.",2014-07-24,6.66
"PHAROL, SGPS, S.A.",2014-07-23,6.77
"PHAROL, SGPS, S.A.",2014-07-22,6.9
"PHAROL, SGPS, S.A.",2014-07-18,7.01
"PHAROL, SGPS, S.A.",2014-07-17,7.06
"PHAROL, SGPS, S.A.",2014-07-16,7.78
"PHAROL, SGPS, S.A.",2014-07-15,7.17
"PHAROL, SGPS, S.A.",2014-07-14,6.89
"PHAROL, SGPS, S.A.",2014-07-11,7.15
"PHAROL, SGPS, S.A.",2014-07-10,6.44
"PHAROL, SGPS, S.A.",2014-07-09,6.62
"PHAROL, SGPS, S.A.",2014-07-08,5.95
"PHAROL, SGPS, S.A.",2014-07-07,6.51
"PHAROL, SGPS, S.A.",2014-07-04,5.87
"PHAROL, SGPS, S.A.",2014-07-03,5.06
"PHAROL, SGPS, S.A.",2014-06-27,5.07
"PHAROL, SGPS, S.A.",2014-06-26,5.53
"PHAROL, SGPS, S.A.",2014-06-25,5.86
"PHAROL, SGPS, S.A.",2014-06-24,6.18
"PHAROL, SGPS, S.A.",2014-06-23,6.64
"PHAROL, SGPS, S.A.",2014-06-20,6.91
"PHAROL, SGPS, S.A.",2014-06-19,7.05
"PHAROL, SGPS, S.A.",2014-06-18,7.24
"PHAROL, SGPS, S.A.",2014-06-17,7.47
"PHAROL, SGPS, S.A.",2014-06-16,7.58
"PHAROL, SGPS, S.A.",2014-06-12,7.86
"PHAROL, SGPS, S.A.",2014-06-11,7.73
"PHAROL, SGPS, S.A.",2014-06-10,7.94
"PHAROL, SGPS, S.A.",2014-06-06,8.04
"PHAROL, SGPS, S.A.",2014-06-05,8.49
"PHAROL, SGPS, S.A.",2014-05-21,8.6
"PHAROL, SGPS, S.A.",2014-05-19,8.5
"PHAROL, SGPS, S.A.",2014-05-16,8.56
"PHAROL, SGPS, S.A.",2014-05-13,8.67
"PHAROL, SGPS, S.A.",2014-05-08,8.48
"PHAROL, SGPS, S.A.",2014-05-06,8.59
"PHAROL, SGPS, S.A.",2014-05-05,8.61
"PHAROL, SGPS, S.A.",2014-04-30,8.03
"PHAROL, SGPS, S.A.",2014-04-29,7.96
"PHAROL, SGPS, S.A.",2014-04-28,7.62
"PHAROL, SGPS, S.A.",2014-04-25,7.5
"PHAROL, SGPS, S.A.",2014-04-24,6.62
"PHAROL, SGPS, S.A.",2014-04-23,6.58
"PHAROL, SGPS, S.A.",2014-04-22,5.88
"PHAROL, SGPS, S.A.",2014-04-17,5.24
"PHAROL, SGPS, S.A.",2014-04-15,5.14
"PHAROL, SGPS, S.A.",2014-04-11,5.05
"PHAROL, SGPS, S.A.",2014-04-09,4.94
"PHAROL, SGPS, S.A.",2014-03-27,4.42
"PHAROL, SGPS, S.A.",2014-03-26,4.28
"PHAROL, SGPS, S.A.",2014-03-25,3.99
"PHAROL, SGPS, S.A.",2014-03-24,3.9
"PHAROL, SGPS, S.A.",2014-03-21,3.81
"PHAROL, SGPS, S.A.",2014-03-18,3.39
"PHAROL, SGPS, S.A.",2014-03-14,3.48
"PHAROL, SGPS, S.A.",2014-03-10,3.53
"PHAROL, SGPS, S.A.",2014-03-07,3.99
"PHAROL, SGPS, S.A.",2014-02-26,4.04
"PHAROL, SGPS, S.A.",2014-02-21,3.91
"PHAROL, SGPS, S.A.",2014-02-20,3.37
"PHAROL, SGPS, S.A.",2014-02-13,2.84
"PHAROL, SGPS, S.A.",2014-02-10,2.94
"PHAROL, SGPS, S.A.",2014-02-06,3.04
"PHAROL, SGPS, S.A.",2014-02-03,3.06
"PHAROL, SGPS, S.A.",2014-01-22,2.94
"PHAROL, SGPS, S.A.",2014-01-20,2.85
"PHAROL, SGPS, S.A.",2014-01-17,3.06
"PHAROL, SGPS, S.A.",2014-01-15,2.85
"PHAROL, SGPS, S.A.",2014-01-13,2.76
"PHAROL, SGPS, S.A.",2014-01-09,2.65
"PHAROL, SGPS, S.A.",2014-01-08,2.96
"PHAROL, SGPS, S.A.",2014-01-07,3.18
"PHAROL, SGPS, S.A.",2014-01-06,3.32
"PHAROL, SGPS, S.A.",2014-01-03,3.74
"PHAROL, SGPS, S.A.",2013-12-20,4.56
"PHAROL, SGPS, S.A.",2013-12-18,4.53
"PHAROL, SGPS, S.A.",2013-12-11,4.55
"PHAROL, SGPS, S.A.",2013-12-10,4.13
"PHAROL, SGPS, S.A.",2013-12-04,4.33
"PHAROL, SGPS, S.A.",2013-11-29,4.7
"PHAROL, SGPS, S.A.",2013-11-27,4.8
"PHAROL, SGPS, S.A.",2013-11-26,4.88
"PHAROL, SGPS, S.A.",2013-11-25,4.76
"PHAROL, SGPS, S.A.",2013-11-21,4.66
"PHAROL, SGPS, S.A.",2013-11-18,3.97
"PHAROL, SGPS, S.A.",2013-10-29,3.96
"PHAROL, SGPS, S.A.",2013-10-25,3.77
"PHAROL, SGPS, S.A.",2013-10-24,4.17
"PHAROL, SGPS, S.A.",2013-10-11,4.18
"PHAROL, SGPS, S.A.",2013-10-09,4.08
"PHAROL, SGPS, S.A.",2013-10-04,4.21
"PHAROL, SGPS, S.A.",2013-10-03,4.61
"PHAROL, SGPS, S.A.",2013-10-02,5.17
"PHAROL, SGPS, S.A.",2013-10-01,6.31
"PHAROL, SGPS, S.A.",2013-09-26,6.25
"PHAROL, SGPS, S.A.",2013-09-23,6.26
"PHAROL, SGPS, S.A.",2013-09-13,6.25
"PHAROL, SGPS, S.A.",2013-09-12,6.08
"PHAROL, SGPS, S.A.",2013-09-10,6.09
"PHAROL, SGPS, S.A.",2013-09-09,6.46
"PHAROL, SGPS, S.A.",2013-09-06,6.52
"PHAROL, SGPS, S.A.",2013-09-05,6.61
"PHAROL, SGPS, S.A.",2013-09-04,6.71
"PHAROL, SGPS, S.A.",2013-08-30,6.52
"PHAROL, SGPS, S.A.",2013-08-29,6.39
"PHAROL, SGPS, S.A.",2013-08-23,6.37
"PHAROL, SGPS, S.A.",2013-08-22,6.33
"PHAROL, SGPS, S.A.",2013-08-15,5.21
"PHAROL, SGPS, S.A.",2013-08-14,5.03
"PHAROL, SGPS, S.A.",2013-08-08,3.88
"PHAROL, SGPS, S.A.",2013-08-05,3.76
"PHAROL, SGPS, S.A.",2013-08-01,3.75
"PHAROL, SGPS, S.A.",2013-07-30,3.84
"PHAROL, SGPS, S.A.",2013-07-25,3.75
"PHAROL, SGPS, S.A.",2013-07-24,3.84
"PHAROL, SGPS, S.A.",2013-07-23,3.73
"PHAROL, SGPS, S.A.",2013-07-17,3.77
"PHAROL, SGPS, S.A.",2013-07-15,3.72
"PHAROL, SGPS, S.A.",2013-07-09,3.65
"PHAROL, SGPS, S.A.",2013-07-02,3.68
"PHAROL, SGPS, S.A.",2013-06-28,2.98
"PHAROL, SGPS, S.A.",2013-06-25,2.89
"PHAROL, SGPS, S.A.",2013-06-21,2.36
"PHAROL, SGPS, S.A.",2013-06-06,2.17
"PHAROL, SGPS, S.A.",2013-06-05,2.58
"PHAROL, SGPS, S.A.",2013-06-04,2.78
"PHAROL, SGPS, S.A.",2013-06-03,2.88
"PHAROL, SGPS, S.A.",2013-05-31,3.11
"PHAROL, SGPS, S.A.",2013-05-30,2.95
"PHAROL, SGPS, S.A.",2013-05-29,2.35
"PHAROL, SGPS, S.A.",2013-05-28,2.27
"PHAROL, SGPS, S.A.",2013-05-17,1.76
"PHAROL, SGPS, S.A.",2013-05-15,1.68
"PHAROL, SGPS, S.A.",2013-04-30,1.53
"PHAROL, SGPS, S.A.",2013-04-22,0.92
"PHAROL, SGPS, S.A.",2013-04-19,1.39
"PHAROL, SGPS, S.A.",2013-04-05,1.42
"PHAROL, SGPS, S.A.",2013-03-11,0.92
"PHAROL, SGPS, S.A.",2013-03-08,1.41
"PHAROL, SGPS, S.A.",2013-03-06,1.42
"PHAROL, SGPS, S.A.",2013-01-14,0.92
"PHAROL, SGPS, S.A.",2013-01-11,0.86
"PHAROL, SGPS, S.A.",2013-01-07,0.7
"PHAROL, SGPS, S.A.",2013-01-02,0.62
"PHAROL, SGPS, S.A.",2012-12-12,0.57
"REN -  Redes Energéticas Nacionais, SGPS, SA",2022-10-26,0.74
"REN -  Redes Energéticas Nacionais, SGPS, SA",2022-05-23,0.6
"REN -  Redes Energéticas Nacionais, SGPS, SA",2022-03-08,0.58
"REN -  Redes Energéticas Nacionais, SGPS, SA",2022-01-12,0.67
"REN -  Redes Energéticas Nacionais, SGPS, SA",2022-01-11,0.7
"REN -  Redes Energéticas Nacionais, SGPS, SA",2021-12-29,0.85
"REN -  Redes Energéticas Nacionais, SGPS, SA",2021-12-09,0.99
"REN -  Redes Energéticas Nacionais, SGPS, SA",2021-10-18,1.11
"REN -  Redes Energéticas Nacionais, SGPS, SA",2020-06-04,1.02
"REN -  Redes Energéticas Nacionais, SGPS, SA",2020-06-02,0.95
"REN -  Redes Energéticas Nacionais, SGPS, SA",2020-05-18,0.81
"REN -  Redes Energéticas Nacionais, SGPS, SA",2020-05-08,0.7
"REN -  Redes Energéticas Nacionais, SGPS, SA",2020-05-04,0.51
"REN -  Redes Energéticas Nacionais, SGPS, SA",2020-02-03,0.49
"REN -  Redes Energéticas Nacionais, SGPS, SA",2020-01-14,0.54
"REN -  Redes Energéticas Nacionais, SGPS, SA",2020-01-10,0.68
"REN -  Redes Energéticas Nacionais, SGPS, SA",2019-11-07,0.79
"REN -  Redes Energéticas Nacionais, SGPS, SA",2019-09-16,0.86
"REN -  Redes Energéticas Nacionais, SGPS, SA",2019-08-09,1.35
"REN -  Redes Energéticas Nacionais, SGPS, SA",2019-08-08,1.47
"REN -  Redes Energéticas Nacionais, SGPS, SA",2019-08-06,1.48
"REN -  Redes Energéticas Nacionais, SGPS, SA",2019-07-09,0.98
"REN -  Redes Energéticas Nacionais, SGPS, SA",2019-06-19,1.07
"REN -  Redes Energéticas Nacionais, SGPS, SA",2019-06-10,1.18
"REN -  Redes Energéticas Nacionais, SGPS, SA",2019-06-03,1.22
"REN -  Redes Energéticas Nacionais, SGPS, SA",2019-04-30,1.37
"REN -  Redes Energéticas Nacionais, SGPS, SA",2019-04-17,1.48
"REN -  Redes Energéticas Nacionais, SGPS, SA",2019-01-28,1.59
"REN -  Redes Energéticas Nacionais, SGPS, SA",2019-01-25,2.08
"REN -  Redes Energéticas Nacionais, SGPS, SA",2019-01-09,2.58
"REN -  Redes Energéticas Nacionais, SGPS, SA",2019-01-08,2.68
"REN -  Redes Energéticas Nacionais, SGPS, SA",2019-01-04,2.83
"REN -  Redes Energéticas Nacionais, SGPS, SA",2018-12-14,2.97
"REN -  Redes Energéticas Nacionais, SGPS, SA",2018-11-27,2.47
"REN -  Redes Energéticas Nacionais, SGPS, SA",2018-11-22,2.69
"REN -  Redes Energéticas Nacionais, SGPS, SA",2018-10-24,2.79
"REN -  Redes Energéticas Nacionais, SGPS, SA",2018-10-19,2.7
"REN -  Redes Energéticas Nacionais, SGPS, SA",2018-10-11,2.6
"REN -  Redes Energéticas Nacionais, SGPS, SA",2018-10-03,2.7
"REN -  Redes Energéticas Nacionais, SGPS, SA",2018-10-01,2.59
"REN -  Redes Energéticas Nacionais, SGPS, SA",2018-09-19,2.54
"REN -  Redes Energéticas Nacionais, SGPS, SA",2018-09-06,2.63
"REN -  Redes Energéticas Nacionais, SGPS, SA",2018-09-04,2.74
"REN -  Redes Energéticas Nacionais, SGPS, SA",2018-08-28,3.22
"REN -  Redes Energéticas Nacionais, SGPS, SA",2018-08-09,3.25
"REN -  Redes Energéticas Nacionais, SGPS, SA",2018-08-03,3.16
"REN -  Redes Energéticas Nacionais, SGPS, SA",2018-08-02,3.26
"REN -  Redes Energéticas Nacionais, SGPS, SA",2018-07-12,3.24
"REN -  Redes Energéticas Nacionais, SGPS, SA",2018-07-02,3.28
"REN -  Redes Energéticas Nacionais, SGPS, SA",2018-06-29,3.38
"REN -  Redes Energéticas Nacionais, SGPS, SA",2018-06-27,3.58
"REN -  Redes Energéticas Nacionais, SGPS, SA",2018-06-26,3.63
"REN -  Redes Energéticas Nacionais, SGPS, SA",2018-06-12,3.1
"REN -  Redes Energéticas Nacionais, SGPS, SA",2018-06-04,3
"REN -  Redes Energéticas Nacionais, SGPS, SA",2018-06-01,2.93
"REN -  Redes Energéticas Nacionais, SGPS, SA",2018-05-31,2.87
"REN -  Redes Energéticas Nacionais, SGPS, SA",2018-05-30,2.96
"REN -  Redes Energéticas Nacionais, SGPS, SA",2018-05-24,2.85
"REN -  Redes Energéticas Nacionais, SGPS, SA",2018-05-23,2.76
"REN -  Redes Energéticas Nacionais, SGPS, SA",2018-05-22,2.63
"REN -  Redes Energéticas Nacionais, SGPS, SA",2018-04-03,2.1
"REN -  Redes Energéticas Nacionais, SGPS, SA",2018-02-26,2.01
"REN -  Redes Energéticas Nacionais, SGPS, SA",2018-01-16,1.97
"REN -  Redes Energéticas Nacionais, SGPS, SA",2018-01-03,2.07
"REN -  Redes Energéticas Nacionais, SGPS, SA",2017-12-13,2.13
"REN -  Redes Energéticas Nacionais, SGPS, SA",2017-12-12,4.23
"REN -  Redes Energéticas Nacionais, SGPS, SA",2017-12-08,3.73
"REN -  Redes Energéticas Nacionais, SGPS, SA",2017-12-05,3.94
"REN -  Redes Energéticas Nacionais, SGPS, SA",2017-12-04,4.26
"REN -  Redes Energéticas Nacionais, SGPS, SA",2017-12-01,4.3
"REN -  Redes Energéticas Nacionais, SGPS, SA",2017-11-30,4.2
"REN -  Redes Energéticas Nacionais, SGPS, SA",2017-11-29,4.02
"REN -  Redes Energéticas Nacionais, SGPS, SA",2017-11-14,3.45
"REN -  Redes Energéticas Nacionais, SGPS, SA",2017-11-07,3.34
"REN -  Redes Energéticas Nacionais, SGPS, SA",2017-10-31,3.24
"REN -  Redes Energéticas Nacionais, SGPS, SA",2017-10-17,3.15
"REN -  Redes Energéticas Nacionais, SGPS, SA",2017-10-16,3.03
"REN -  Redes Energéticas Nacionais, SGPS, SA",2017-09-08,2.93
"REN -  Redes Energéticas Nacionais, SGPS, SA",2017-06-27,2.72
"REN -  Redes Energéticas Nacionais, SGPS, SA",2017-06-23,2.22
"REN -  Redes Energéticas Nacionais, SGPS, SA",2017-06-22,2.14
"REN -  Redes Energéticas Nacionais, SGPS, SA",2017-06-08,2.01
"REN -  Redes Energéticas Nacionais, SGPS, SA",2017-05-24,1.94
"REN -  Redes Energéticas Nacionais, SGPS, SA",2017-05-12,1.82
"REN -  Redes Energéticas Nacionais, SGPS, SA",2017-05-02,1.74
"REN -  Redes Energéticas Nacionais, SGPS, SA",2017-04-27,1.61
"REN -  Redes Energéticas Nacionais, SGPS, SA",2017-03-24,1.43
"REN -  Redes Energéticas Nacionais, SGPS, SA",2017-03-16,1.92
"REN -  Redes Energéticas Nacionais, SGPS, SA",2017-03-07,2
"REN -  Redes Energéticas Nacionais, SGPS, SA",2017-03-06,2.03
"REN -  Redes Energéticas Nacionais, SGPS, SA",2017-02-01,1.9
"REN -  Redes Energéticas Nacionais, SGPS, SA",2017-01-26,1.89
"REN -  Redes Energéticas Nacionais, SGPS, SA",2016-12-09,1.79
"REN -  Redes Energéticas Nacionais, SGPS, SA",2016-12-02,1.8
"REN -  Redes Energéticas Nacionais, SGPS, SA",2016-12-01,1.71
"REN -  Redes Energéticas Nacionais, SGPS, SA",2016-11-14,1.7
"REN -  Redes Energéticas Nacionais, SGPS, SA",2016-11-02,1.62
"REN -  Redes Energéticas Nacionais, SGPS, SA",2016-10-27,2.13
"REN -  Redes Energéticas Nacionais, SGPS, SA",2016-10-14,2.14
"REN -  Redes Energéticas Nacionais, SGPS, SA",2016-09-28,2.09
"REN -  Redes Energéticas Nacionais, SGPS, SA",2016-08-24,1.59
"REN -  Redes Energéticas Nacionais, SGPS, SA",2016-08-11,1.48
"REN -  Redes Energéticas Nacionais, SGPS, SA",2016-07-07,1.51
"REN -  Redes Energéticas Nacionais, SGPS, SA",2016-06-23,1.44
"REN -  Redes Energéticas Nacionais, SGPS, SA",2016-05-23,0.94
"REN -  Redes Energéticas Nacionais, SGPS, SA",2016-05-18,0.83
"REN -  Redes Energéticas Nacionais, SGPS, SA",2016-04-21,0.76
"REN -  Redes Energéticas Nacionais, SGPS, SA",2016-03-31,0.62
"REN -  Redes Energéticas Nacionais, SGPS, SA",2016-02-02,0.5
"Sonae - SGPS, S.A.",2017-12-28,0.49
"Sonae - SGPS, S.A.",2017-11-24,0.5
"Sonae - SGPS, S.A.",2017-11-16,0.49
"Sonae - SGPS, S.A.",2017-11-02,0.58
"Sonae - SGPS, S.A.",2017-10-09,0.69
"Sonae - SGPS, S.A.",2017-09-15,0.79
"Sonae - SGPS, S.A.",2017-08-23,0.89
"Sonae - SGPS, S.A.",2017-07-27,0.98
"Sonae - SGPS, S.A.",2017-07-13,1.01
"Sonae - SGPS, S.A.",2017-07-05,0.91
"Sonae - SGPS, S.A.",2017-06-27,0.82
"Sonae - SGPS, S.A.",2017-06-20,0.73
"Sonae - SGPS, S.A.",2017-06-14,0.61
"Sonae - SGPS, S.A.",2017-06-08,0.53
